Name,OutCome,RunTime,InlinedProcesures
205_9a_array_unsafes_linux-3.16-rc1.tar.xz-205_9a-drivers--net--wireless--rtlwifi--rtl8723be--rtl8723be.ko-entry_point_false-unreach-call.cil.out.i.bpl.bpl.txt,TIMEDOUT,3600,0
32_1_cilled_true-unreach-call_ok_nondet_linux-3.4-32_1-drivers--mtd--ubi--gluebi.ko-ldv_main0_sequence_infinite_withcheck_stateful.cil.out.i.bpl.bpl.txt,ReachedBound,28.51,209
linux-4.2-rc1.tar.xz-08_1a-drivers--media--usb--em28xx--em28xx-dvb.ko-entry_point_true-unreach-call.cil.out.i.bpl.bpl.txt,ReachedBound,15.59,136
32_7a_cilled_true-unreach-call_linux-3.8-rc1-32_7a-drivers--infiniband--hw--mlx4--mlx4_ib.ko-ldv_main4_sequence_infinite_withcheck_stateful.cil.out.i.bpl.bpl.txt,TIMEDOUT,3600,0
43_2a_consumption_linux-3.16-rc1.tar.xz-43_2a-sound--pci--cs46xx--snd-cs46xx.ko-entry_point_true-unreach-call.cil.out.i.bpl.bpl.txt,TIMEDOUT,3600,0
linux-3.8-rc1-32_7a-drivers--media--usb--ttusb-dec--ttusb_dec.ko-ldv_main0_true-unreach-call.cil.out.i.bpl.bpl.txt,ReachedBound,1488.45,1574
linux-4.0-rc1---drivers--infiniband--ulp--srp--ib_srp.ko_false-unreach-call.cil.i.bpl.bpl.txt,NOK,1215.62,355
linux-4.2-rc1.tar.xz-43_2a-drivers--media--pci--bt8xx--bttv.ko-entry_point_true-unreach-call.cil.out.i.bpl.bpl.txt,TIMEDOUT,3600,0
linux-4.2-rc1.tar.xz-43_2a-drivers--usb--host--xhci-hcd.ko-entry_point_true-unreach-call.cil.out.i.bpl.bpl.txt,TIMEDOUT,3600,0
linux-4.2-rc1.tar.xz-43_2a-drivers--staging--lustre--lnet--selftest--lnet_selftest.ko-entry_point_true-unreach-call.cil.out.i.bpl.bpl.txt,ReachedBound,252.87,1664
linux-4.2-rc1.tar.xz-32_7a-drivers--video--fbdev--udlfb.ko-entry_point_true-unreach-call.cil.out.i.bpl.bpl.txt,TIMEDOUT,3600,0
linux-torvalds-645ef9e-32_7a-sound--oss--sound.ko-entry_point_false-unreach-call.cil.out.i.bpl.bpl.txt,TIMEDOUT,3600,0
linux-4.2-rc1.tar.xz-32_7a-drivers--media--usb--ttusb-budget--dvb-ttusb-budget.ko-entry_point_true-unreach-call.cil.out.i.bpl.bpl.txt,ReachedBound,114.77,396
linux-4.2-rc1.tar.xz-43_2a-drivers--net--wireless--rndis_wlan.ko-entry_point_true-unreach-call.cil.out.i.bpl.bpl.txt,TIMEDOUT,3600,0
linux-4.2-rc1.tar.xz-43_2a-drivers--block--mtip32xx--mtip32xx.ko-entry_point_true-unreach-call.cil.out.i.bpl.bpl.txt,TIMEDOUT,3600,0
linux-4.2-rc1.tar.xz-43_2a-drivers--atm--solos-pci.ko-entry_point_true-unreach-call.cil.out.i.bpl.bpl.txt,TIMEDOUT,3600,0
linux-4.2-rc1.tar.xz-43_2a-drivers--net--wireless--iwlegacy--iwl3945.ko-entry_point_true-unreach-call.cil.out.i.bpl.bpl.txt,TIMEDOUT,3600,0
linux-4.2-rc1.tar.xz-32_7a-drivers--input--serio--serio_raw.ko-entry_point_true-unreach-call.cil.out.i.bpl.bpl.txt,ReachedBound,28.2,350
linux-4.2-rc1.tar.xz-43_2a-drivers--scsi--fcoe--fcoe.ko-entry_point_true-unreach-call.cil.out.i.bpl.bpl.txt,TIMEDOUT,3600,0
32_7a_cilled_true-unreach-call_linux-3.8-rc1-32_7a-drivers--net--ethernet--qlogic--qlge--qlge.ko-ldv_main0_sequence_infinite_withcheck_stateful.cil.out.i.bpl.bpl.txt,TIMEDOUT,3600,0
32_1_cilled_true-unreach-call_ok_nondet_linux-3.4-32_1-drivers--staging--iio--dds--ad9951.ko-ldv_main0_sequence_infinite_withcheck_stateful.cil.out.i.bpl.bpl.txt,ReachedBound,7.43,111
43_2a_bitvector_linux-3.16-rc1.tar.xz-43_2a-drivers--atm--he.ko-entry_point_true-unreach-call.cil.out.i.bpl.bpl.txt,NOK,50.11,24
32_7a_cilled_true-unreach-call_linux-3.8-rc1-drivers--video--aty--radeonfb.ko-main.cil.out.i.bpl.bpl.txt,ReachedBound,49.61,29
linux-4.2-rc1.tar.xz-32_7a-drivers--net--wireless--rndis_wlan.ko-entry_point_true-unreach-call.cil.out.i.bpl.bpl.txt,TIMEDOUT,3600,0
linux-4.2-rc1.tar.xz-32_7a-drivers--usb--gadget--libcomposite.ko-entry_point_true-unreach-call.cil.out.i.bpl.bpl.txt,NOK,474.0,1257
linux-4.0-rc1---drivers--hwmon--nct6775.ko_true-unreach-call.cil.i.bpl.bpl.txt,TIMEDOUT,3600,0
32_7a_cilled_true-unreach-call_linux-3.8-rc1-drivers--hwmon--asb100.ko-main.cil.out.i.bpl.bpl.txt,TIMEDOUT,3600,0
linux-3.8-rc1-32_7a-drivers--usb--core--usbcore.ko-ldv_main0_sequence_infinite_withcheck_stateful_true-unreach-call.cil.out.i.bpl.bpl.txt,TIMEDOUT,3600,0
linux-stable-4a349aa-1-32_7a-drivers--media--video--tlg2300--poseidon.ko-entry_point_ldv-val-v0.8_false-unreach-call.cil.out.i.bpl.bpl.txt,TIMEDOUT,3600,0
43_2a_consumption_linux-3.16-rc1.tar.xz-43_2a-drivers--parport--parport_pc.ko-entry_point_true-unreach-call.cil.out.i.bpl.bpl.txt,ReachedBound,1175.58,2580
linux-4.0-rc1---drivers--media--usb--ttusb-budget--dvb-ttusb-budget.ko_false-unreach-call.cil.i.bpl.bpl.txt,TIMEDOUT,3600,0
linux-4.0-rc1---drivers--usb--class--cdc-wdm.ko_false-unreach-call.cil.i.bpl.bpl.txt,NOK,2050.5,1117
linux-3.8-rc1-32_7a-drivers--net--wireless--mwl8k.ko-ldv_main0_false-unreach-call.cil.out.i.bpl.bpl.txt,NOK,382.96,156
linux-3.8-rc1-32_7a-drivers--md--md-mod.ko-ldv_main0_sequence_infinite_withcheck_stateful_true-unreach-call.cil.out.i.bpl.bpl.txt,TIMEDOUT,3600,0
linux-4.2-rc1.tar.xz-32_7a-drivers--thunderbolt--thunderbolt.ko-entry_point_true-unreach-call.cil.out.i.bpl.bpl.txt,TIMEDOUT,3600,0
32_7a_cilled_true-unreach-call_linux-3.8-rc1-32_7a-drivers--net--wireless--ath--ath5k--ath5k.ko-ldv_main16_sequence_infinite_withcheck_stateful.cil.out.i.bpl.bpl.txt,TIMEDOUT,3600,0
32_1_cilled_true-unreach-call_ok_nondet_linux-3.4-32_1-drivers--media--video--cx231xx--cx231xx-dvb.ko-ldv_main0_sequence_infinite_withcheck_stateful.cil.out.i.bpl.bpl.txt,ReachedBound,19.94,77
43_2a_consumption_linux-3.16-rc1.tar.xz-43_2a-drivers--net--ethernet--calxeda--xgmac.ko-entry_point_true-unreach-call.cil.out.i.bpl.bpl.txt,ReachedBound,1524.15,475
205_9a_array_safes_linux-3.16-rc1.tar.xz-205_9a-drivers--net--usb--cdc_eem.ko-entry_point_true-unreach-call.cil.out.i.bpl.bpl.txt,ReachedBound,13.27,155
main0_false-unreach-call_drivers-net-wireless-ath-carl9170-carl9170-ko--32_7a--8a9f335-1.i.bpl.bpl.txt,TIMEDOUT,3600,0
32_7a_cilled_true-unreach-call_linux-3.8-rc1-drivers--block--paride--pg.ko-main.cil.out.i.bpl.bpl.txt,ReachedBound,216.03,15166
linux-4.2-rc1.tar.xz-43_2a-drivers--net--ethernet--intel--e1000--e1000.ko-entry_point_true-unreach-call.cil.out.i.bpl.bpl.txt,TIMEDOUT,3600,0
43_2a_consumption_linux-3.16-rc1.tar.xz-43_2a-drivers--tty--serial--8250--8250.ko-entry_point_true-unreach-call.cil.out.i.bpl.bpl.txt,TIMEDOUT,3600,0
32_7a_cilled_true-unreach-call_linux-3.8-rc1-32_7a-drivers--media--dvb-core--dvb-core.ko-ldv_main5_sequence_infinite_withcheck_stateful.cil.out.i.bpl.bpl.txt,TIMEDOUT,3600,0
m0_true-unreach-call_drivers-media-video-cx88-cx88-blackbird-ko--32_7a--d47b389.i.bpl.bpl.txt,TIMEDOUT,3600,0
linux-4.2-rc1.tar.xz-43_2a-drivers--md--dm-thin-pool.ko-entry_point_true-unreach-call.cil.out.i.bpl.bpl.txt,TIMEDOUT,3600,0
linux-4.0-rc1---drivers--scsi--advansys.ko_false-unreach-call.cil.i.bpl.bpl.txt,NOK,44.26,83
linux-4.2-rc1.tar.xz-43_2a-drivers--usb--host--r8a66597-hcd.ko-entry_point_true-unreach-call.cil.out.i.bpl.bpl.txt,TIMEDOUT,3600,0
linux-4.2-rc1.tar.xz-32_7a-drivers--md--dm-cache.ko-entry_point_true-unreach-call.cil.out.i.bpl.bpl.txt,TIMEDOUT,3600,0
linux-4.2-rc1.tar.xz-43_2a-drivers--net--ethernet--chelsio--cxgb3--cxgb3.ko-entry_point_true-unreach-call.cil.out.i.bpl.bpl.txt,TIMEDOUT,3600,0
m0_false-unreach-call_sound-oss-opl3-ko--111_1a--42f9f8d-1.i.bpl.bpl.txt,NOK,2125.85,46
linux-4.2-rc1.tar.xz-32_7a-drivers--hwmon--applesmc.ko-entry_point_true-unreach-call.cil.out.i.bpl.bpl.txt,TIMEDOUT,3600,0
linux-4.2-rc1.tar.xz-43_2a-drivers--thunderbolt--thunderbolt.ko-entry_point_true-unreach-call.cil.out.i.bpl.bpl.txt,TIMEDOUT,3600,0
linux-4.2-rc1.tar.xz-43_2a-drivers--md--dm-cache.ko-entry_point_true-unreach-call.cil.out.i.bpl.bpl.txt,TIMEDOUT,3600,0
linux-4.2-rc1.tar.xz-32_7a-drivers--md--md-mod.ko-entry_point_true-unreach-call.cil.out.i.bpl.bpl.txt,TIMEDOUT,3600,0
linux-4.2-rc1.tar.xz-32_7a-drivers--net--wireless--libertas--libertas.ko-entry_point_true-unreach-call.cil.out.i.bpl.bpl.txt,TIMEDOUT,3600,0
linux-4.2-rc1.tar.xz-08_1a-drivers--scsi--bnx2fc--bnx2fc.ko-entry_point_false-unreach-call.cil.out.i.bpl.bpl.txt,TIMEDOUT,3600,0
43_1a_cilled_false-unreach-call_ok_linux-43_1a-drivers--net--wireless--orinoco--orinoco_usb.ko-ldv_main0_sequence_infinite_withcheck_stateful.cil.out.i.bpl.bpl.txt,NOK,71.92,630
linux-4.2-rc1.tar.xz-08_1a-drivers--net--ethernet--chelsio--cxgb3--cxgb3.ko-entry_point_true-unreach-call.cil.out.i.bpl.bpl.txt,OK,12.04,207
43_1a_cilled_true-unreach-call_ok_nondet_linux-43_1a-drivers--hwmon--asus_atk0110.ko-ldv_main0_sequence_infinite_withcheck_stateful.cil.out.i.bpl.bpl.txt,OK,344.98,345
linux-4.2-rc1.tar.xz-32_7a-drivers--md--dm-thin-pool.ko-entry_point_true-unreach-call.cil.out.i.bpl.bpl.txt,TIMEDOUT,3600,0
linux-4.2-rc1.tar.xz-32_7a-drivers--message--fusion--mptctl.ko-entry_point_true-unreach-call.cil.out.i.bpl.bpl.txt,ReachedBound,114.57,206
linux-4.2-rc1.tar.xz-32_7a-drivers--net--wireless--mwifiex--mwifiex.ko-entry_point_true-unreach-call.cil.out.i.bpl.bpl.txt,NOK,141.42,195
linux-4.2-rc1.tar.xz-43_2a-drivers--net--ethernet--renesas--sh_eth.ko-entry_point_true-unreach-call.cil.out.i.bpl.bpl.txt,TIMEDOUT,3600,0
linux-3.12-rc1.tar.xz-144_2a-drivers--media--usb--tlg2300--poseidon.ko-entry_point_false-unreach-call.cil.out.i.bpl.bpl.txt,NOK,439.76,142
32_7a_cilled_true-unreach-call_linux-3.8-rc1-drivers--media--usb--em28xx--em28xx.ko-main.cil.out.i.bpl.bpl.txt,TIMEDOUT,3600,0
32_7_cilled_false-unreach-call_const_ok_linux-32_1-drivers--video--aty--atyfb.ko-ldv_main0_sequence_infinite_withcheck_stateful.cil.out.i.bpl.bpl.txt,NOK,17.51,53
43_2a_consumption_linux-3.16-rc1.tar.xz-43_2a-drivers--media--usb--cx231xx--cx231xx.ko-entry_point_true-unreach-call.cil.out.i.bpl.bpl.txt,TIMEDOUT,3600,0
linux-3.8-rc1-32_7a-drivers--usb--core--usbcore.ko-ldv_main11_sequence_infinite_withcheck_stateful_false-unreach-call.cil.out.i.bpl.bpl.txt,TIMEDOUT,3600,0
linux-4.0-rc1---drivers--usb--gadget--udc--pch_udc.ko_false-unreach-call.cil.i.bpl.bpl.txt,TIMEDOUT,3600,0
32_7a_cilled_true-unreach-call_linux-3.8-rc1-drivers--net--ethernet--chelsio--cxgb4--cxgb4.ko-main.cil.out.i.bpl.bpl.txt,TIMEDOUT,3600,0
43_2a_consumption_linux-3.16-rc1.tar.xz-43_2a-net--sched--sch_cbq.ko-entry_point_true-unreach-call.cil.out.i.bpl.bpl.txt,ReachedBound,26.4,330
linux-4.2-rc1.tar.xz-08_1a-drivers--platform--x86--thinkpad_acpi.ko-entry_point_true-unreach-call.cil.out.i.bpl.bpl.txt,OK,29.42,500
linux-3.8-rc1-32_7a-drivers--net--ethernet--qlogic--qlge--qlge.ko-ldv_main0_true-unreach-call.cil.out.i.bpl.bpl.txt,TIMEDOUT,3600,0
linux-4.2-rc1.tar.xz-43_2a-drivers--staging--slicoss--slicoss.ko-entry_point_true-unreach-call.cil.out.i.bpl.bpl.txt,ReachedBound,34.97,491
main4_false-unreach-call_drivers-scsi-mpt2sas-mpt2sas-ko--32_7a--linux-3.7.3.i.bpl.bpl.txt,TIMEDOUT,3600,0
205_9a_array_safes_linux-3.16-rc1.tar.xz-205_9a-drivers--net--caif--caif_hsi.ko-entry_point_true-unreach-call.cil.out.i.bpl.bpl.txt,ReachedBound,390.67,2034
linux-3.12-rc1.tar.xz-144_2a-drivers--media--usb--usbvision--usbvision.ko-entry_point_false-unreach-call.cil.out.i.bpl.bpl.txt,TIMEDOUT,3600,0
linux-4.2-rc1.tar.xz-08_1a-drivers--usb--host--xhci-hcd.ko-entry_point_true-unreach-call.cil.out.i.bpl.bpl.txt,OK,6.75,90
linux-4.2-rc1.tar.xz-43_2a-drivers--md--dm-snapshot.ko-entry_point_true-unreach-call.cil.out.i.bpl.bpl.txt,TIMEDOUT,3600,0
linux-3.12-rc1.tar.xz-144_2a-drivers--staging--gdm72xx--gdmwm.ko-entry_point_false-unreach-call.cil.out.i.bpl.bpl.txt,TIMEDOUT,3600,0
linux-3.12-rc1.tar.xz-144_2a-drivers--media--usb--s2255--s2255drv.ko-entry_point_false-unreach-call.cil.out.i.bpl.bpl.txt,TIMEDOUT,3600,0
205_9a_array_safes_linux-3.16-rc1.tar.xz-205_9a-drivers--net--ethernet--micrel--ks8851.ko-entry_point_true-unreach-call.cil.out.i.bpl.bpl.txt,ReachedBound,140.95,102
linux-4.2-rc1.tar.xz-08_1a-drivers--media--usb--cx231xx--cx231xx.ko-entry_point_true-unreach-call.cil.out.i.bpl.bpl.txt,OK,4.76,18
43_2a_consumption_linux-3.16-rc1.tar.xz-43_2a-drivers--net--ethernet--sun--sungem.ko-entry_point_true-unreach-call.cil.out.i.bpl.bpl.txt,ReachedBound,462.15,1314
linux-4.2-rc1.tar.xz-43_2a-drivers--net--ethernet--natsemi--ns83820.ko-entry_point_true-unreach-call.cil.out.i.bpl.bpl.txt,ReachedBound,2430.18,525
32_7_cilled_false-unreach-call_const_ok_linux-32_1-drivers--isdn--capi--kernelcapi.ko-ldv_main3_sequence_infinite_withcheck_stateful.cil.out.i.bpl.bpl.txt,NOK,3232.77,16
linux-3.12-rc1.tar.xz-144_2a-drivers--net--can--usb--esd_usb2.ko-entry_point_true-unreach-call.cil.out.i.bpl.bpl.txt,ReachedBound,2.71,56
linux-4.2-rc1.tar.xz-08_1a-drivers--iio--imu--inv_mpu6050--inv-mpu6050.ko-entry_point_false-unreach-call.cil.out.i.bpl.bpl.txt,NOK,161.94,365
linux-4.2-rc1.tar.xz-43_2a-drivers--staging--lustre--lustre--osc--osc.ko-entry_point_true-unreach-call.cil.out.i.bpl.bpl.txt,TIMEDOUT,3600,0
linux-4.2-rc1.tar.xz-32_7a-drivers--media--usb--dvb-usb--dvb-usb-opera.ko-entry_point_true-unreach-call.cil.out.i.bpl.bpl.txt,ReachedBound,414.81,522
32_7a_cilled_true-unreach-call_linux-3.8-rc1-32_7a-drivers--block--paride--pf.ko-ldv_main0_sequence_infinite_withcheck_stateful.cil.out.i.bpl.bpl.txt,OK,65.88,50
linux-4.2-rc1.tar.xz-08_1a-drivers--video--fbdev--core--fb.ko-entry_point_true-unreach-call.cil.out.i.bpl.bpl.txt,ReachedBound,3589.18,429
43_2a_bitvector_linux-3.16-rc1.tar.xz-43_2a-drivers--block--skd.ko-entry_point_true-unreach-call.cil.out.i.bpl.bpl.txt,TIMEDOUT,3600,0
usb_urb-drivers-net-usb-catc.ko_false-unreach-call.cil.out.i.bpl.bpl.txt,NOK,65.8,197
linux-4.2-rc1.tar.xz-32_7a-drivers--hwmon--it87.ko-entry_point_true-unreach-call.cil.out.i.bpl.bpl.txt,TIMEDOUT,3600,0
linux-4.2-rc1.tar.xz-32_7a-drivers--input--mouse--cyapatp.ko-entry_point_true-unreach-call.cil.out.i.bpl.bpl.txt,TIMEDOUT,3600,0
linux-stable-47dffc7-1-144_2a-drivers--net--usb--cdc-phonet.ko-entry_point_ldv-val-v0.8_false-unreach-call.cil.out.i.bpl.bpl.txt,ReachedBound,1.99,59
linux-4.2-rc1.tar.xz-43_2a-drivers--block--cciss.ko-entry_point_true-unreach-call.cil.out.i.bpl.bpl.txt,Inconclusive,3600,0
43_2a_consumption_linux-3.16-rc1.tar.xz-43_2a-drivers--acpi--processor.ko-entry_point_true-unreach-call.cil.out.i.bpl.bpl.txt,ReachedBound,900.84,159
linux-4.2-rc1.tar.xz-43_2a-drivers--block--DAC960.ko-entry_point_true-unreach-call.cil.out.i.bpl.bpl.txt,TIMEDOUT,3600,0
linux-4.2-rc1.tar.xz-43_2a-drivers--scsi--bnx2i--bnx2i.ko-entry_point_true-unreach-call.cil.out.i.bpl.bpl.txt,ReachedBound,3502.98,2564
43_2a_consumption_linux-3.16-rc1.tar.xz-43_2a-drivers--media--pci--cx18--cx18.ko-entry_point_true-unreach-call.cil.out.i.bpl.bpl.txt,TIMEDOUT,3600,0
linux-4.2-rc1.tar.xz-43_2a-drivers--net--ethernet--atheros--alx--alx.ko-entry_point_true-unreach-call.cil.out.i.bpl.bpl.txt,TIMEDOUT,3600,0
linux-4.2-rc1.tar.xz-08_1a-drivers--net--ethernet--ti--tlan.ko-entry_point_true-unreach-call.cil.out.i.bpl.bpl.txt,OK,2.21,48
43_2a_consumption_linux-3.16-rc1.tar.xz-43_2a-kernel--rcu--rcutorture.ko-entry_point_true-unreach-call.cil.out.i.bpl.bpl.txt,TIMEDOUT,3600,0
linux-4.2-rc1.tar.xz-08_1a-drivers--media--pci--pt3--earth-pt3.ko-entry_point_false-unreach-call.cil.out.i.bpl.bpl.txt,NOK,783.04,282
linux-4.2-rc1.tar.xz-43_2a-drivers--scsi--hpsa.ko-entry_point_true-unreach-call.cil.out.i.bpl.bpl.txt,ReachedBound,2527.93,2020
linux-4.2-rc1.tar.xz-43_2a-drivers--md--md-mod.ko-entry_point_true-unreach-call.cil.out.i.bpl.bpl.txt,NOK,77.29,121
main15_false-unreach-call_drivers-usb-core-usbcore-ko--32_7a--linux-3.7.3.i.bpl.bpl.txt,TIMEDOUT,3600,0
linux-4.2-rc1.tar.xz-08_1a-drivers--infiniband--core--ib_uverbs.ko-entry_point_true-unreach-call.cil.out.i.bpl.bpl.txt,ReachedBound,83.79,412
linux-3.12-rc1.tar.xz-144_2a-drivers--net--can--usb--usb_8dev.ko-entry_point_false-unreach-call.cil.out.i.bpl.bpl.txt,ReachedBound,1.89,31
linux-4.2-rc1.tar.xz-32_7a-drivers--vfio--pci--vfio-pci.ko-entry_point_true-unreach-call.cil.out.i.bpl.bpl.txt,ReachedBound,1037.44,692
linux-stable-2b9ec6c-1-106_1a-drivers--usb--gadget--g_printer.ko-entry_point_ldv-val-v0.8_false-unreach-call.cil.out.i.bpl.bpl.txt,TIMEDOUT,3600,0
43_2a_bitvector_linux-3.16-rc1.tar.xz-43_2a-drivers--net--wireless--iwlwifi--iwlwifi.ko-entry_point_false-unreach-call.cil.out.i.bpl.bpl.txt,TIMEDOUT,3600,0
linux-4.2-rc1.tar.xz-43_2a-drivers--media--usb--s2255--s2255drv.ko-entry_point_true-unreach-call.cil.out.i.bpl.bpl.txt,ReachedBound,1845.08,1077
32_7a_cilled_true-unreach-call_linux-3.8-rc1-32_7a-drivers--net--wireless--rndis_wlan.ko-ldv_main0_sequence_infinite_withcheck_stateful.cil.out.i.bpl.bpl.txt,TIMEDOUT,3600,0
linux-4.2-rc1.tar.xz-32_7a-drivers--net--wireless--ipw2x00--ipw2100.ko-entry_point_true-unreach-call.cil.out.i.bpl.bpl.txt,TIMEDOUT,3600,0
linux-4.2-rc1.tar.xz-43_2a-drivers--media--usb--gspca--gspca_topro.ko-entry_point_true-unreach-call.cil.out.i.bpl.bpl.txt,OK,0.13,0
32_7a_cilled_true-unreach-call_linux-3.8-rc1-32_7a-drivers--media--v4l2-core--videobuf-dma-contig.ko-ldv_main0_sequence_infinite_withcheck_stateful.cil.out.i.bpl.bpl.txt,NOK,183.88,172
205_9a_array_unsafes_linux-3.16-rc1.tar.xz-205_9a-drivers--net--ppp--ppp_async.ko-entry_point_false-unreach-call.cil.out.i.bpl.bpl.txt,ReachedBound,43.87,323
linux-stable-42f9f8d-1-111_1a-sound--oss--opl3.ko-entry_point_ldv-val-v0.8_false-unreach-call.cil.out.i.bpl.bpl.txt,ReachedBound,1602.5,524
linux-4.2-rc1.tar.xz-32_7a-drivers--media--usb--dvb-usb-v2--dvb-usb-lmedm04.ko-entry_point_true-unreach-call.cil.out.i.bpl.bpl.txt,TIMEDOUT,3600,0
linux-4.2-rc1.tar.xz-08_1a-drivers--staging--comedi--comedi.ko-entry_point_false-unreach-call.cil.out.i.bpl.bpl.txt,TIMEDOUT,3600,0
linux-4.2-rc1.tar.xz-43_2a-drivers--usb--serial--io_edgeport.ko-entry_point_true-unreach-call.cil.out.i.bpl.bpl.txt,TIMEDOUT,3600,0
linux-4.2-rc1.tar.xz-43_2a-drivers--net--ethernet--cisco--enic--enic.ko-entry_point_true-unreach-call.cil.out.i.bpl.bpl.txt,TIMEDOUT,3600,0
linux-4.2-rc1.tar.xz-32_7a-drivers--net--wireless--ath--wil6210--wil6210.ko-entry_point_true-unreach-call.cil.out.i.bpl.bpl.txt,TIMEDOUT,3600,0
linux-4.2-rc1.tar.xz-43_2a-drivers--net--ethernet--dec--tulip--dmfe.ko-entry_point_true-unreach-call.cil.out.i.bpl.bpl.txt,ReachedBound,82.8,1131
32_7a_cilled_false-unreach-call_linux-3.8-rc1-32_7a-fs--ecryptfs--ecryptfs.ko-ldv_main1_sequence_infinite_withcheck_stateful.cil.out.i.bpl.bpl.txt,TIMEDOUT,3600,0
linux-4.2-rc1.tar.xz-43_2a-drivers--net--wireless--libertas--libertas.ko-entry_point_true-unreach-call.cil.out.i.bpl.bpl.txt,TIMEDOUT,3600,0
205_9a_array_unsafes_linux-3.16-rc1.tar.xz-205_9a-drivers--net--wan--hdlc_x25.ko-entry_point_true-unreach-call.cil.out.i.bpl.bpl.txt,ReachedBound,4.05,84
linux-4.0-rc1---drivers--video--fbdev--core--fb.ko_false-unreach-call.cil.i.bpl.bpl.txt,TIMEDOUT,3600,0
linux-4.2-rc1.tar.xz-08_1a-drivers--atm--atmtcp.ko-entry_point_false-unreach-call.cil.out.i.bpl.bpl.txt,NOK,23.96,116
linux-4.2-rc1.tar.xz-43_2a-drivers--scsi--libfc--libfc.ko-entry_point_true-unreach-call.cil.out.i.bpl.bpl.txt,ReachedBound,70.39,252
linux-4.2-rc1.tar.xz-43_2a-drivers--usb--misc--ftdi-elan.ko-entry_point_true-unreach-call.cil.out.i.bpl.bpl.txt,TIMEDOUT,3600,0
linux-4.0-rc1---drivers--gpu--drm--qxl--qxl.ko_false-unreach-call.cil.i.bpl.bpl.txt,NOK,3165.05,381
linux-4.0-rc1---drivers--vme--bridges--vme_ca91cx42.ko_true-unreach-call.cil.i.bpl.bpl.txt,ReachedBound,169.33,1702
43_2a_consumption_linux-3.16-rc1.tar.xz-43_2a-drivers--usb--dwc2--dwc2_gadget.ko-entry_point_true-unreach-call.cil.out.i.bpl.bpl.txt,TIMEDOUT,3600,0
linux-4.2-rc1.tar.xz-32_7a-drivers--net--wireless--zd1211rw--zd1211rw.ko-entry_point_true-unreach-call.cil.out.i.bpl.bpl.txt,TIMEDOUT,3600,0
205_9a_array_unsafes_linux-3.16-rc1.tar.xz-205_9a-drivers--net--wireless--ath--wcn36xx--wcn36xx.ko-entry_point_false-unreach-call.cil.out.i.bpl.bpl.txt,ReachedBound,2064.56,1941
32_7a_cilled_true-unreach-call_linux-3.8-rc1-32_7a-drivers--platform--x86--samsung-laptop.ko-ldv_main0_sequence_infinite_withcheck_stateful.cil.out.i.bpl.bpl.txt,TIMEDOUT,3600,0
43_1a_cilled_false-unreach-call_ok_linux-43_1a-drivers--usb--gadget--pch_udc.ko-ldv_main0_sequence_infinite_withcheck_stateful.cil.out.i.bpl.bpl.txt,TIMEDOUT,3600,0
linux-4.2-rc1.tar.xz-43_2a-drivers--usb--host--fusbh200-hcd.ko-entry_point_true-unreach-call.cil.out.i.bpl.bpl.txt,TIMEDOUT,3600,0
205_9a_array_safes_linux-3.16-rc1.tar.xz-205_9a-drivers--net--can--sja1000--sja1000.ko-entry_point_true-unreach-call.cil.out.i.bpl.bpl.txt,ReachedBound,6.5,67
linux-4.2-rc1.tar.xz-43_2a-drivers--staging--unisys--visorbus--visorbus.ko-entry_point_true-unreach-call.cil.out.i.bpl.bpl.txt,ReachedBound,1043.93,609
linux-4.2-rc1.tar.xz-43_2a-drivers--target--target_core_mod.ko-entry_point_true-unreach-call.cil.out.i.bpl.bpl.txt,TIMEDOUT,3600,0
linux-4.2-rc1.tar.xz-32_7a-drivers--net--ethernet--intel--i40evf--i40evf.ko-entry_point_true-unreach-call.cil.out.i.bpl.bpl.txt,TIMEDOUT,3600,0
linux-3.12-rc1.tar.xz-144_2a-drivers--media--usb--stkwebcam--stkwebcam.ko-entry_point_false-unreach-call.cil.out.i.bpl.bpl.txt,NOK,259.24,254
32_7a_cilled_true-unreach-call_linux-3.8-rc1-32_7a-drivers--media--tuners--tuner-xc2028.ko-ldv_main0_sequence_infinite_withcheck_stateful.cil.out.i.bpl.bpl.txt,ReachedBound,385.81,583
linux-4.2-rc1.tar.xz-43_2a-drivers--net--wireless--mediatek--mt7601u--mt7601u.ko-entry_point_true-unreach-call.cil.out.i.bpl.bpl.txt,TIMEDOUT,3600,0
32_7_cpp_false-unreach-call_single_drivers-net-wireless-mwl8k.cil.out.i.bpl.bpl.txt,NOK,293.75,110
linux-4.2-rc1.tar.xz-43_2a-drivers--net--ethernet--intel--fm10k--fm10k.ko-entry_point_true-unreach-call.cil.out.i.bpl.bpl.txt,NOK,428.83,171
linux-4.2-rc1.tar.xz-08_1a-drivers--net--wireless--mwifiex--mwifiex.ko-entry_point_true-unreach-call.cil.out.i.bpl.bpl.txt,OK,10.37,38
linux-4.2-rc1.tar.xz-32_7a-drivers--char--lp.ko-entry_point_true-unreach-call.cil.out.i.bpl.bpl.txt,ReachedBound,1205.32,454
linux-4.2-rc1.tar.xz-08_1a-drivers--net--team--team.ko-entry_point_false-unreach-call.cil.out.i.bpl.bpl.txt,ReachedBound,789.42,1176
linux-4.2-rc1.tar.xz-08_1a-drivers--vfio--vfio.ko-entry_point_false-unreach-call.cil.out.i.bpl.bpl.txt,TIMEDOUT,3600,0
linux-4.2-rc1.tar.xz-32_7a-drivers--net--wireless--ipw2x00--ipw2200.ko-entry_point_true-unreach-call.cil.out.i.bpl.bpl.txt,TIMEDOUT,3600,0
43_2a_consumption_linux-3.16-rc1.tar.xz-43_2a-drivers--net--ethernet--nvidia--forcedeth.ko-entry_point_true-unreach-call.cil.out.i.bpl.bpl.txt,TIMEDOUT,3600,0
205_9a_array_unsafes_linux-3.16-rc1.tar.xz-205_9a-drivers--net--ethernet--micrel--ks8842.ko-entry_point_false-unreach-call.cil.out.i.bpl.bpl.txt,ReachedBound,13.21,37
32_1_cilled_true-unreach-call_ok_nondet_linux-3.4-32_1-drivers--net--phy--spi_ks8995.ko-ldv_main0_sequence_infinite_withcheck_stateful.cil.out.i.bpl.bpl.txt,ReachedBound,34.56,448
205_9a_array_safes_linux-3.16-rc1.tar.xz-205_9a-drivers--net--caif--caif_virtio.ko-entry_point_true-unreach-call.cil.out.i.bpl.bpl.txt,ReachedBound,1.67,28
43_2a_consumption_linux-3.16-rc1.tar.xz-43_2a-drivers--tty--isicom.ko-entry_point_true-unreach-call.cil.out.i.bpl.bpl.txt,TIMEDOUT,3600,0
205_9a_array_safes_linux-3.16-rc1.tar.xz-205_9a-drivers--net--ethernet--smsc--smsc9420.ko-entry_point_true-unreach-call.cil.out.i.bpl.bpl.txt,ReachedBound,5.45,62
32_7a_cilled_true-unreach-call_linux-3.8-rc1-drivers--media--firewire--firedtv.ko-main.cil.out.i.bpl.bpl.txt,ReachedBound,46.11,281
linux-4.2-rc1.tar.xz-32_7a-drivers--scsi--3w-9xxx.ko-entry_point_true-unreach-call.cil.out.i.bpl.bpl.txt,TIMEDOUT,3600,0
linux-4.2-rc1.tar.xz-32_7a-drivers--block--rbd.ko-entry_point_true-unreach-call.cil.out.i.bpl.bpl.txt,TIMEDOUT,3600,0
linux-4.2-rc1.tar.xz-32_7a-drivers--staging--lustre--lnet--selftest--lnet_selftest.ko-entry_point_true-unreach-call.cil.out.i.bpl.bpl.txt,ReachedBound,275.68,1625
linux-4.2-rc1.tar.xz-43_2a-drivers--net--wireless--rtl818x--rtl8180--rtl818x_pci.ko-entry_point_true-unreach-call.cil.out.i.bpl.bpl.txt,TIMEDOUT,3600,0
linux-4.2-rc1.tar.xz-08_1a-drivers--net--wireless--rtlwifi--rtl8723ae--rtl8723ae.ko-entry_point_true-unreach-call.cil.out.i.bpl.bpl.txt,OK,9.88,238
linux-4.2-rc1.tar.xz-43_2a-drivers--scsi--st.ko-entry_point_true-unreach-call.cil.out.i.bpl.bpl.txt,TIMEDOUT,3600,0
linux-4.2-rc1.tar.xz-32_7a-drivers--input--touchscreen--tsc2005.ko-entry_point_true-unreach-call.cil.out.i.bpl.bpl.txt,ReachedBound,86.59,360
32_1_cilled_true-unreach-call_ok_nondet_linux-3.4-32_1-drivers--watchdog--wm831x_wdt.ko-ldv_main0_sequence_infinite_withcheck_stateful.cil.out.i.bpl.bpl.txt,ReachedBound,33.75,86
205_9a_array_unsafes_linux-3.16-rc1.tar.xz-205_9a-drivers--net--virtio_net.ko-entry_point_true-unreach-call.cil.out.i.bpl.bpl.txt,TIMEDOUT,3600,0
linux-4.2-rc1.tar.xz-43_2a-drivers--ata--libata.ko-entry_point_true-unreach-call.cil.out.i.bpl.bpl.txt,TIMEDOUT,3600,0
205_9a_array_unsafes_linux-3.16-rc1.tar.xz-205_9a-drivers--net--wireless--libertas--usb8xxx.ko-entry_point_false-unreach-call.cil.out.i.bpl.bpl.txt,ReachedBound,21.96,200
linux-4.0-rc1---drivers--input--misc--ims-pcu.ko_false-unreach-call.cil.i.bpl.bpl.txt,TIMEDOUT,3600,0
linux-stable-4a349aa-1-32_7a-drivers--media--video--tlg2300--poseidon.ko-entry_point_false-unreach-call.cil.out.i.bpl.bpl.txt,TIMEDOUT,3600,0
32_1_cilled_true-unreach-call_ok_nondet_linux-3.4-32_1-drivers--media--common--tuners--tda9887.ko-ldv_main0_sequence_infinite_withcheck_stateful.cil.out.i.bpl.bpl.txt,ReachedBound,12.85,32
32_7a_cilled_true-unreach-call_linux-3.8-rc1-32_7a-drivers--isdn--i4l--isdn.ko-ldv_main3_sequence_infinite_withcheck_stateful.cil.out.i.bpl.bpl.txt,TIMEDOUT,3600,0
43_2a_consumption_linux-3.16-rc1.tar.xz-43_2a-drivers--media--usb--pvrusb2--pvrusb2.ko-entry_point_true-unreach-call.cil.out.i.bpl.bpl.txt,Inconclusive,3600,0
linux-stable-8a9f335-1-32_7a-drivers--net--wireless--ath--carl9170--carl9170.ko-entry_point_ldv-val-v0.8_false-unreach-call.cil.out.i.bpl.bpl.txt,TIMEDOUT,3600,0
linux-4.2-rc1.tar.xz-43_2a-drivers--xen--xen-pciback--xen-pciback.ko-entry_point_true-unreach-call.cil.out.i.bpl.bpl.txt,TIMEDOUT,3600,0
43_2a_bitvector_linux-3.16-rc1.tar.xz-43_2a-net--atm--lec.ko-entry_point_false-unreach-call.cil.out.i.bpl.bpl.txt,TIMEDOUT,3600,0
32_7a_cilled_true-unreach-call_linux-3.8-rc1-drivers--hwmon--w83791d.ko-main.cil.out.i.bpl.bpl.txt,ReachedBound,1818.57,1086
32_7a_cilled_true-unreach-call_linux-3.8-rc1-32_7a-drivers--net--wireless--ipw2x00--ipw2100.ko-ldv_main0_sequence_infinite_withcheck_stateful.cil.out.i.bpl.bpl.txt,TIMEDOUT,3600,0
43_2a_consumption_linux-3.16-rc1.tar.xz-43_2a-drivers--gpu--drm--via--via.ko-entry_point_true-unreach-call.cil.out.i.bpl.bpl.txt,ReachedBound,300.09,124
205_9a_array_safes_linux-3.16-rc1.tar.xz-205_9a-drivers--net--wan--lapbether.ko-entry_point_true-unreach-call.cil.out.i.bpl.bpl.txt,ReachedBound,20.79,257
32_7a_cilled_true-unreach-call_linux-3.8-rc1-32_7a-drivers--net--wireless--ipw2x00--ipw2200.ko-ldv_main0_sequence_infinite_withcheck_stateful.cil.out.i.bpl.bpl.txt,TIMEDOUT,3600,0
32_7a_cilled_true-unreach-call_linux-3.8-rc1-32_7a-drivers--media--usb--gspca--gspca_topro.ko-ldv_main0_sequence_infinite_withcheck_stateful.cil.out.i.bpl.bpl.txt,OK,0.45,10
linux-3.12-rc1.tar.xz-08_1a-fs--nfs--nfs.ko-entry_point_false-unreach-call.cil.out.i.bpl.bpl.txt,ReachedBound,2577.54,1223
32_7a_cilled_true-unreach-call_linux-3.8-rc1-32_7a-drivers--message--i2o--i2o_core.ko-ldv_main4_sequence_infinite_withcheck_stateful.cil.out.i.bpl.bpl.txt,NOK,1945.99,1180
linux-3.8-rc1-32_7a-drivers--net--ethernet--emulex--benet--be2net.ko-ldv_main0_sequence_infinite_withcheck_stateful_true-unreach-call.cil.out.i.bpl.bpl.txt,TIMEDOUT,3600,0
linux-4.2-rc1.tar.xz-43_2a-drivers--net--ethernet--brocade--bna--bna.ko-entry_point_true-unreach-call.cil.out.i.bpl.bpl.txt,TIMEDOUT,3600,0
linux-4.0-rc1---drivers--block--rsxx--rsxx.ko_false-unreach-call.cil.i.bpl.bpl.txt,NOK,203.23,396
linux-4.2-rc1.tar.xz-32_7a-drivers--net--ethernet--chelsio--cxgb3--cxgb3.ko-entry_point_true-unreach-call.cil.out.i.bpl.bpl.txt,TIMEDOUT,3600,0
linux-4.2-rc1.tar.xz-43_2a-drivers--char--ipmi--ipmi_msghandler.ko-entry_point_true-unreach-call.cil.out.i.bpl.bpl.txt,ReachedBound,1190.1,1361
linux-4.0-rc1---drivers--hwmon--applesmc.ko_true-unreach-call.cil.i.bpl.bpl.txt,TIMEDOUT,3600,0
linux-4.2-rc1.tar.xz-08_1a-drivers--ata--libata.ko-entry_point_true-unreach-call.cil.out.i.bpl.bpl.txt,OK,17.7,125
linux-3.10-rc1-43_1a-bitvector-drivers--net--ethernet--broadcom--b44.ko--ldv_main0_true-unreach-call.cil.out.i.bpl.bpl.txt,TIMEDOUT,3600,0
linux-stable-2b9ec6c-1-106_1a-drivers--usb--gadget--g_printer.ko-entry_point_false-unreach-call.cil.out.i.bpl.bpl.txt,TIMEDOUT,3600,0
43_2a_bitvector_linux-3.16-rc1.tar.xz-43_2a-drivers--media--platform--timblogiw.ko-entry_point_false-unreach-call.cil.out.i.bpl.bpl.txt,NOK,103.0,281
43_2a_consumption_linux-3.16-rc1.tar.xz-43_2a-drivers--net--wireless--ipw2x00--ipw2100.ko-entry_point_true-unreach-call.cil.out.i.bpl.bpl.txt,TIMEDOUT,3600,0
linux-4.2-rc1.tar.xz-08_1a-drivers--media--usb--dvb-usb--dvb-usb-cxusb.ko-entry_point_false-unreach-call.cil.out.i.bpl.bpl.txt,TIMEDOUT,3600,0
linux-4.2-rc1.tar.xz-08_1a-drivers--scsi--sg.ko-entry_point_false-unreach-call.cil.out.i.bpl.bpl.txt,ReachedBound,748.2,1114
32_7a_cilled_true-unreach-call_linux-3.8-rc1-32_7a-drivers--video--smscufx.ko-ldv_main0_sequence_infinite_withcheck_stateful.cil.out.i.bpl.bpl.txt,TIMEDOUT,3600,0
linux-4.2-rc1.tar.xz-32_7a-drivers--net--wireless--rtlwifi--rtl8723ae--rtl8723ae.ko-entry_point_true-unreach-call.cil.out.i.bpl.bpl.txt,OK,10.68,238
32_7a_cilled_false-unreach-call_linux-3.8-rc1-32_7a-fs--ubifs--ubifs.ko-ldv_main2_sequence_infinite_withcheck_stateful.cil.out.i.bpl.bpl.txt,TIMEDOUT,3600,0
32_7a_cilled_false-unreach-call_linux-3.8-rc1-32_7a-fs--ceph--ceph.ko-ldv_main11_sequence_infinite_withcheck_stateful.cil.out.i.bpl.bpl.txt,TIMEDOUT,3600,0
linux-4.2-rc1.tar.xz-32_7a-drivers--net--wireless--mwl8k.ko-entry_point_false-unreach-call.cil.out.i.bpl.bpl.txt,TIMEDOUT,3600,0
linux-4.2-rc1.tar.xz-43_2a-drivers--mmc--host--sdhci.ko-entry_point_true-unreach-call.cil.out.i.bpl.bpl.txt,TIMEDOUT,3600,0
linux-4.2-rc1.tar.xz-08_1a-drivers--usb--gadget--libcomposite.ko-entry_point_false-unreach-call.cil.out.i.bpl.bpl.txt,TIMEDOUT,3600,0
43_2a_consumption_linux-3.16-rc1.tar.xz-43_2a-drivers--isdn--mISDN--mISDN_dsp.ko-entry_point_true-unreach-call.cil.out.i.bpl.bpl.txt,NOK,285.28,30
32_7a_cilled_true-unreach-call_linux-3.8-rc1-drivers--block--paride--pt.ko-main.cil.out.i.bpl.bpl.txt,ReachedBound,127.17,849
linux-4.2-rc1.tar.xz-43_2a-drivers--net--wireless--ipw2x00--ipw2100.ko-entry_point_true-unreach-call.cil.out.i.bpl.bpl.txt,TIMEDOUT,3600,0
linux-4.2-rc1.tar.xz-32_7a-drivers--net--ethernet--qlogic--qlge--qlge.ko-entry_point_true-unreach-call.cil.out.i.bpl.bpl.txt,TIMEDOUT,3600,0
32_7a_newdeg_true-unreach-call_linux-3.8-rc1-drivers--media--usb--dvb-usb-v2--dvb-usb-mxl111sf.ko-main.cil.out.i.bpl.bpl.txt,ReachedBound,85.5,59
linux-4.2-rc1.tar.xz-08_1a-drivers--media--platform--exynos4-is--s5p-fimc.ko-entry_point_true-unreach-call.cil.out.i.bpl.bpl.txt,TIMEDOUT,3600,0
43_1a_cilled_true-unreach-call_ok_nondet_linux-43_1a-drivers--usb--serial--ir-usb.ko-ldv_main0_sequence_infinite_withcheck_stateful.cil.out.i.bpl.bpl.txt,ReachedBound,6.86,74
linux-4.2-rc1.tar.xz-32_7a-drivers--staging--lustre--lustre--mdc--mdc.ko-entry_point_false-unreach-call.cil.out.i.bpl.bpl.txt,TIMEDOUT,3600,0
usb_urb-drivers-usb-misc-iowarrior.ko_false-unreach-call.cil.out.i.bpl.bpl.txt,NOK,53.67,160
linux-4.2-rc1.tar.xz-43_2a-drivers--net--ethernet--icplus--ipg.ko-entry_point_true-unreach-call.cil.out.i.bpl.bpl.txt,ReachedBound,50.46,211
205_9a_array_safes_linux-3.16-rc1.tar.xz-205_9a-drivers--net--can--usb--peak_usb--peak_usb.ko-entry_point_true-unreach-call.cil.out.i.bpl.bpl.txt,TIMEDOUT,3600,0
linux-4.2-rc1.tar.xz-43_2a-drivers--scsi--mpt3sas--mpt3sas.ko-entry_point_true-unreach-call.cil.out.i.bpl.bpl.txt,TIMEDOUT,3600,0
32_1_cilled_true-unreach-call_ok_nondet_linux-3.4-32_1-drivers--mfd--tps6105x.ko-ldv_main0_sequence_infinite_withcheck_stateful.cil.out.i.bpl.bpl.txt,ReachedBound,14.38,120
linux-4.2-rc1.tar.xz-43_2a-drivers--video--fbdev--aty--radeonfb.ko-entry_point_true-unreach-call.cil.out.i.bpl.bpl.txt,ReachedBound,2510.01,1258
linux-4.2-rc1.tar.xz-32_7a-drivers--net--wireless--ti--wl12xx--wl12xx.ko-entry_point_false-unreach-call.cil.out.i.bpl.bpl.txt,NOK,619.4,1817
linux-4.2-rc1.tar.xz-43_2a-drivers--atm--idt77252.ko-entry_point_true-unreach-call.cil.out.i.bpl.bpl.txt,NOK,517.52,39
linux-4.2-rc1.tar.xz-08_1a-drivers--input--gameport--gameport.ko-entry_point_false-unreach-call.cil.out.i.bpl.bpl.txt,NOK,84.12,288
linux-4.2-rc1.tar.xz-43_2a-drivers--net--ppp--ppp_generic.ko-entry_point_true-unreach-call.cil.out.i.bpl.bpl.txt,NOK,353.87,578
linux-4.2-rc1.tar.xz-08_1a-drivers--gpu--drm--gma500--gma500_gfx.ko-entry_point_true-unreach-call.cil.out.i.bpl.bpl.txt,OK,12.52,89
43_1a_cilled_true-unreach-call_ok_nondet_linux-43_1a-drivers--staging--comedi--drivers--comedi_bond.ko-ldv_main0_sequence_infinite_withcheck_stateful.cil.out.i.bpl.bpl.txt,ReachedBound,6.18,84
32_7a_cilled_true-unreach-call_linux-3.8-rc1-drivers--vfio--pci--vfio-pci.ko-main.cil.out.i.bpl.bpl.txt,ReachedBound,14.06,70
32_7_cilled_false-unreach-call_const_ok_linux-32_1-drivers--media--dvb--dvb-usb--dvb-usb-dib0700.ko-ldv_main0_sequence_infinite_withcheck_stateful.cil.out.i.bpl.bpl.txt,TIMEDOUT,3600,0
43_2a_consumption_linux-3.16-rc1.tar.xz-43_2a-drivers--scsi--dpt_i2o.ko-entry_point_true-unreach-call.cil.out.i.bpl.bpl.txt,ReachedBound,115.95,1414
32_7a_cilled_true-unreach-call_linux-3.8-rc1-drivers--scsi--aic7xxx_old.ko-main.cil.out.i.bpl.bpl.txt,NOK,90.13,92
linux-4.2-rc1.tar.xz-43_2a-drivers--net--ethernet--intel--ixgb--ixgb.ko-entry_point_true-unreach-call.cil.out.i.bpl.bpl.txt,TIMEDOUT,3600,0
32_7_cilled_false-unreach-call_const_ok_linux-32_1-drivers--media--video--vivi.ko-ldv_main0_sequence_infinite_withcheck_stateful.cil.out.i.bpl.bpl.txt,NOK,2.66,12
module_get_put-drivers-net-ppp_generic.ko_false-unreach-call.cil.out.i.bpl.bpl.txt,NOK,10.47,125
linux-4.2-rc1.tar.xz-32_7a-drivers--hwmon--abituguru.ko-entry_point_true-unreach-call.cil.out.i.bpl.bpl.txt,ReachedBound,276.74,100
linux-4.2-rc1.tar.xz-32_7a-drivers--infiniband--hw--mlx5--mlx5_ib.ko-entry_point_true-unreach-call.cil.out.i.bpl.bpl.txt,TIMEDOUT,3600,0
32_7_cilled_false-unreach-call_const_ok_linux-32_1-drivers--usb--storage--usb-storage.ko-ldv_main0_sequence_infinite_withcheck_stateful.cil.out.i.bpl.bpl.txt,TIMEDOUT,3600,0
43_2a_consumption_linux-3.16-rc1.tar.xz-43_2a-drivers--net--ethernet--emulex--benet--be2net.ko-entry_point_true-unreach-call.cil.out.i.bpl.bpl.txt,TIMEDOUT,3600,0
linux-4.2-rc1.tar.xz-08_1a-drivers--gpu--drm--drm.ko-entry_point_false-unreach-call.cil.out.i.bpl.bpl.txt,Inconclusive,3600,0
32_7a_cilled_false-unreach-call_linux-3.8-rc1-32_7a-drivers--net--wireless--zd1211rw--zd1211rw.ko-ldv_main7_sequence_infinite_withcheck_stateful.cil.out.i.bpl.bpl.txt,TIMEDOUT,3600,0
linux-4.2-rc1.tar.xz-43_2a-drivers--vfio--pci--vfio-pci.ko-entry_point_true-unreach-call.cil.out.i.bpl.bpl.txt,ReachedBound,1900.53,707
32_7a_cilled_true-unreach-call_linux-3.8-rc1-32_7a-drivers--gpu--drm--ttm--ttm.ko-ldv_main5_sequence_infinite_withcheck_stateful.cil.out.i.bpl.bpl.txt,NOK,33.25,134
32_7a_cilled_false-unreach-call_linux-3.8-rc1-drivers--gpu--drm--vmwgfx--vmwgfx.ko-main.cil.out.i.bpl.bpl.txt,TIMEDOUT,3600,0
linux-4.2-rc1.tar.xz-43_2a-drivers--usb--host--ohci-hcd.ko-entry_point_true-unreach-call.cil.out.i.bpl.bpl.txt,ReachedBound,477.27,769
linux-4.2-rc1.tar.xz-32_7a-drivers--usb--misc--ftdi-elan.ko-entry_point_true-unreach-call.cil.out.i.bpl.bpl.txt,TIMEDOUT,3600,0
linux-4.2-rc1.tar.xz-32_7a-drivers--usb--storage--uas.ko-entry_point_true-unreach-call.cil.out.i.bpl.bpl.txt,ReachedBound,24.88,231
43_2a_consumption_linux-3.16-rc1.tar.xz-43_2a-drivers--usb--host--xhci-hcd.ko-entry_point_true-unreach-call.cil.out.i.bpl.bpl.txt,TIMEDOUT,3600,0
linux-4.2-rc1.tar.xz-43_2a-drivers--net--wan--lmc--lmc.ko-entry_point_true-unreach-call.cil.out.i.bpl.bpl.txt,ReachedBound,55.39,3189
linux-4.2-rc1.tar.xz-32_7a-drivers--net--wireless--prism54--prism54.ko-entry_point_true-unreach-call.cil.out.i.bpl.bpl.txt,TIMEDOUT,3600,0
linux-4.2-rc1.tar.xz-32_7a-drivers--hwmon--w83781d.ko-entry_point_true-unreach-call.cil.out.i.bpl.bpl.txt,TIMEDOUT,3600,0
linux-4.2-rc1.tar.xz-32_7a-drivers--hid--hid-roccat-kovaplus.ko-entry_point_true-unreach-call.cil.out.i.bpl.bpl.txt,ReachedBound,416.46,1014
linux-3.8-rc1-32_7a-drivers--usb--core--usbcore.ko-ldv_main1_sequence_infinite_withcheck_stateful_true-unreach-call.cil.out.i.bpl.bpl.txt,TIMEDOUT,3600,0
linux-4.2-rc1.tar.xz-08_1a-drivers--md--dm-cache.ko-entry_point_false-unreach-call.cil.out.i.bpl.bpl.txt,TIMEDOUT,3600,0
32_7a_cilled_false-unreach-call_linux-3.8-rc1-32_7a-drivers--usb--core--usbcore.ko-ldv_main1_sequence_infinite_withcheck_stateful.cil.out.i.bpl.bpl.txt,TIMEDOUT,3600,0
linux-4.2-rc1.tar.xz-43_2a-drivers--net--ethernet--cavium--liquidio--liquidio.ko-entry_point_true-unreach-call.cil.out.i.bpl.bpl.txt,TIMEDOUT,3600,0
32_7a_cilled_true-unreach-call_linux-3.8-rc1-drivers--misc--sgi-xp--xpc.ko-main.cil.out.i.bpl.bpl.txt,ReachedBound,47.83,212
32_7a_cilled_true-unreach-call_linux-3.8-rc1-drivers--net--wireless--rtlwifi--rtl8192de--rtl8192de.ko-main.cil.out.i.bpl.bpl.txt,NOK,67.85,95
32_7a_cilled_true-unreach-call_linux-3.8-rc1-32_7a-drivers--scsi--aic7xxx_old.ko-ldv_main0_sequence_infinite_withcheck_stateful.cil.out.i.bpl.bpl.txt,NOK,85.83,84
32_7a_cilled_true-unreach-call_linux-3.8-rc1-32_7a-drivers--staging--bcm--bcm_wimax.ko-ldv_main2_sequence_infinite_withcheck_stateful.cil.out.i.bpl.bpl.txt,OK,0.94,8
linux-4.2-rc1.tar.xz-43_2a-drivers--net--ethernet--amd--pcnet32.ko-entry_point_true-unreach-call.cil.out.i.bpl.bpl.txt,TIMEDOUT,3600,0
linux-3.8-rc1-32_7a-drivers--scsi--mpt2sas--mpt2sas.ko-ldv_main4_sequence_infinite_withcheck_stateful_true-unreach-call.cil.out.i.bpl.bpl.txt,TIMEDOUT,3600,0
43_2a_consumption_linux-3.16-rc1.tar.xz-43_2a-drivers--net--ethernet--qlogic--qlge--qlge.ko-entry_point_true-unreach-call.cil.out.i.bpl.bpl.txt,TIMEDOUT,3600,0
linux-4.2-rc1.tar.xz-43_2a-drivers--net--irda--via-ircc.ko-entry_point_true-unreach-call.cil.out.i.bpl.bpl.txt,ReachedBound,373.87,451
32_7a_cilled_true-unreach-call_linux-3.8-rc1-32_7a-sound--core--seq--snd-seq.ko-ldv_main2_sequence_infinite_withcheck_stateful.cil.out.i.bpl.bpl.txt,NOK,140.59,257
linux-4.2-rc1.tar.xz-43_2a-drivers--net--ethernet--marvell--skge.ko-entry_point_true-unreach-call.cil.out.i.bpl.bpl.txt,TIMEDOUT,3600,0
linux-4.2-rc1.tar.xz-43_2a-drivers--scsi--aic7xxx--aic7xxx.ko-entry_point_true-unreach-call.cil.out.i.bpl.bpl.txt,TIMEDOUT,3600,0
linux-stable-073676f-1-114_1a-drivers--net--b44.ko-entry_point_false-unreach-call.cil.out.i.bpl.bpl.txt,NOK,496.84,113
205_9a_array_unsafes_linux-3.16-rc1.tar.xz-205_9a-drivers--net--ieee802154--mrf24j40.ko-entry_point_false-unreach-call.cil.out.i.bpl.bpl.txt,ReachedBound,14.11,87
43_1a_cilled_false-unreach-call_ok_linux-43_1a-drivers--scsi--dpt_i2o.ko-ldv_main0_sequence_infinite_withcheck_stateful.cil.out.i.bpl.bpl.txt,NOK,590.28,51
linux-4.0-rc1---drivers--net--ppp--ppp_generic.ko_false-unreach-call.cil.i.bpl.bpl.txt,NOK,69.25,190
32_7_cilled_false-unreach-call_const_ok_linux-32_1-drivers--gpu--drm--vmwgfx--vmwgfx.ko-ldv_main3_sequence_infinite_withcheck_stateful.cil.out.i.bpl.bpl.txt,NOK,1034.23,55
linux-4.2-rc1.tar.xz-43_2a-drivers--usb--isp1760--isp1760.ko-entry_point_true-unreach-call.cil.out.i.bpl.bpl.txt,TIMEDOUT,3600,0
linux-4.2-rc1.tar.xz-43_2a-drivers--misc--sgi-xp--xpc.ko-entry_point_false-unreach-call.cil.out.i.bpl.bpl.txt,ReachedBound,1101.01,1547
linux-4.2-rc1.tar.xz-43_2a-drivers--net--ethernet--intel--i40evf--i40evf.ko-entry_point_true-unreach-call.cil.out.i.bpl.bpl.txt,TIMEDOUT,3600,0
linux-4.2-rc1.tar.xz-43_2a-drivers--net--fddi--defxx.ko-entry_point_true-unreach-call.cil.out.i.bpl.bpl.txt,ReachedBound,29.53,420
43_2a_consumption_linux-3.16-rc1.tar.xz-43_2a-drivers--hwmon--applesmc.ko-entry_point_true-unreach-call.cil.out.i.bpl.bpl.txt,ReachedBound,2552.44,806
43_1a_cilled_true-unreach-call_ok_nondet_linux-43_1a-drivers--mtd--inftl.ko-ldv_main0_sequence_infinite_withcheck_stateful.cil.out.i.bpl.bpl.txt,OK,6.8,76
32_7a_cilled_true-unreach-call_linux-3.8-rc1-32_7a-fs--ceph--ceph.ko-ldv_main7_sequence_infinite_withcheck_stateful.cil.out.i.bpl.bpl.txt,ReachedBound,958.79,629
205_9a_array_unsafes_linux-3.16-rc1.tar.xz-205_9a-drivers--net--wireless--rtlwifi--rtl8192cu--rtl8192cu.ko-entry_point_false-unreach-call.cil.out.i.bpl.bpl.txt,TIMEDOUT,3600,0
32_7a_cilled_true-unreach-call_linux-3.8-rc1-drivers--net--ethernet--qlogic--qlge--qlge.ko-main.cil.out.i.bpl.bpl.txt,TIMEDOUT,3600,0
linux-4.0-rc1---drivers--xen--xen-pciback--xen-pciback.ko_true-unreach-call.cil.i.bpl.bpl.txt,TIMEDOUT,3600,0
linux-4.2-rc1.tar.xz-43_2a-drivers--md--raid456.ko-entry_point_true-unreach-call.cil.out.i.bpl.bpl.txt,TIMEDOUT,3600,0
205_9a_array_unsafes_linux-3.16-rc1.tar.xz-205_9a-drivers--net--usb--cdc_ncm.ko-entry_point_false-unreach-call.cil.out.i.bpl.bpl.txt,NOK,698.28,329
43_2a_consumption_linux-3.16-rc1.tar.xz-43_2a-drivers--scsi--dc395x.ko-entry_point_true-unreach-call.cil.out.i.bpl.bpl.txt,ReachedBound,22.66,962
linux-3.12-rc1.tar.xz-144_2a-drivers--input--touchscreen--usbtouchscreen.ko-entry_point_false-unreach-call.cil.out.i.bpl.bpl.txt,TIMEDOUT,3600,0
linux-4.0-rc1---drivers--input--touchscreen--usbtouchscreen.ko_false-unreach-call.cil.i.bpl.bpl.txt,TIMEDOUT,3600,0
32_7a_cilled_true-unreach-call_linux-3.8-rc1-drivers--hwmon--max16065.ko-main.cil.out.i.bpl.bpl.txt,TIMEDOUT,3600,0
linux-4.2-rc1.tar.xz-32_7a-drivers--hwmon--w83627hf.ko-entry_point_true-unreach-call.cil.out.i.bpl.bpl.txt,TIMEDOUT,3600,0
linux-4.2-rc1.tar.xz-32_7a-drivers--infiniband--ulp--isert--ib_isert.ko-entry_point_true-unreach-call.cil.out.i.bpl.bpl.txt,TIMEDOUT,3600,0
linux-4.2-rc1.tar.xz-32_7a-drivers--pcmcia--pcmcia_rsrc.ko-entry_point_false-unreach-call.cil.out.i.bpl.bpl.txt,TIMEDOUT,3600,0
32_7_cilled_false-unreach-call_const_ok_linux-32_1-drivers--staging--keucr--keucr.ko-ldv_main1_sequence_infinite_withcheck_stateful.cil.out.i.bpl.bpl.txt,TIMEDOUT,3600,0
linux-stable-468e4e3-1-204_8a-drivers--net--jme.ko-entry_point_ldv-val-v0.8_false-unreach-call.cil.out.i.bpl.bpl.txt,ReachedBound,471.11,1251
linux-4.2-rc1.tar.xz-43_2a-drivers--net--ethernet--sis--sis900.ko-entry_point_true-unreach-call.cil.out.i.bpl.bpl.txt,ReachedBound,350.67,6097
linux-4.2-rc1.tar.xz-43_2a-drivers--usb--storage--uas.ko-entry_point_true-unreach-call.cil.out.i.bpl.bpl.txt,ReachedBound,34.11,201
205_9a_array_unsafes_linux-3.16-rc1.tar.xz-205_9a-drivers--net--wan--hdlc_fr.ko-entry_point_false-unreach-call.cil.out.i.bpl.bpl.txt,NOK,26.19,156
linux-4.2-rc1.tar.xz-32_7a-drivers--scsi--osst.ko-entry_point_true-unreach-call.cil.out.i.bpl.bpl.txt,ReachedBound,75.02,445
linux-4.2-rc1.tar.xz-32_7a-drivers--usb--serial--ti_usb_3410_5052.ko-entry_point_true-unreach-call.cil.out.i.bpl.bpl.txt,ReachedBound,39.55,152
linux-4.0-rc1---drivers--block--nvme.ko_false-unreach-call.cil.i.bpl.bpl.txt,NOK,334.21,450
205_9a_array_unsafes_linux-3.16-rc1.tar.xz-205_9a-drivers--net--wireless--prism54--prism54.ko-entry_point_false-unreach-call.cil.out.i.bpl.bpl.txt,TIMEDOUT,3600,0
linux-4.2-rc1.tar.xz-32_7a-drivers--hid--hid-roccat-pyra.ko-entry_point_true-unreach-call.cil.out.i.bpl.bpl.txt,ReachedBound,473.72,1039
linux-3.12-rc1.tar.xz-08_1a-drivers--staging--comedi--comedi.ko-entry_point_true-unreach-call.cil.out.i.bpl.bpl.txt,TIMEDOUT,3600,0
205_9a_array_unsafes_linux-3.16-rc1.tar.xz-205_9a-drivers--net--ethernet--qlogic--qlge--qlge.ko-entry_point_false-unreach-call.cil.out.i.bpl.bpl.txt,TIMEDOUT,3600,0
linux-4.2-rc1.tar.xz-43_2a-drivers--usb--serial--mos7840.ko-entry_point_true-unreach-call.cil.out.i.bpl.bpl.txt,ReachedBound,3348.76,1455
linux-4.2-rc1.tar.xz-43_2a-drivers--media--pci--cx18--cx18.ko-entry_point_true-unreach-call.cil.out.i.bpl.bpl.txt,TIMEDOUT,3600,0
linux-4.2-rc1.tar.xz-43_2a-drivers--media--usb--tm6000--tm6000.ko-entry_point_true-unreach-call.cil.out.i.bpl.bpl.txt,TIMEDOUT,3600,0
linux-4.0-rc1---drivers--usb--misc--legousbtower.ko_false-unreach-call.cil.i.bpl.bpl.txt,NOK,139.74,404
205_9a_array_unsafes_linux-3.16-rc1.tar.xz-205_9a-drivers--net--wireless--rtl818x--rtl8180--rtl818x_pci.ko-entry_point_false-unreach-call.cil.out.i.bpl.bpl.txt,NOK,254.03,196
m0_false-unreach-call_drivers-usb-gadget-g_printer-ko--106_1a--2b9ec6c-1.i.bpl.bpl.txt,NOK,2041.75,48
linux-4.2-rc1.tar.xz-43_2a-drivers--md--dm-crypt.ko-entry_point_true-unreach-call.cil.out.i.bpl.bpl.txt,TIMEDOUT,3600,0
43_1a_cilled_true-unreach-call_ok_nondet_linux-43_1a-drivers--media--dvb--dvb-usb--dvb-usb-dtt200u.ko-ldv_main0_sequence_infinite_withcheck_stateful.cil.out.i.bpl.bpl.txt,OK,2192.14,26
linux-stable-90a4845-1-110_1a-drivers--char--ipmi--ipmi_si.ko-entry_point_ldv-val-v0.8_false-unreach-call.cil.out.i.bpl.bpl.txt,NOK,64.96,253
linux-3.12-rc1.tar.xz-144_2a-drivers--isdn--gigaset--bas_gigaset.ko-entry_point_false-unreach-call.cil.out.i.bpl.bpl.txt,TIMEDOUT,3600,0
32_1_cilled_true-unreach-call_ok_nondet_linux-3.4-32_1-drivers--isdn--hardware--eicon--divadidd.ko-ldv_main0_sequence_infinite_withcheck_stateful.cil.out.i.bpl.bpl.txt,OK,0.74,18
linux-4.2-rc1.tar.xz-32_7a-drivers--scsi--hpsa.ko-entry_point_true-unreach-call.cil.out.i.bpl.bpl.txt,ReachedBound,2132.22,1991
module_get_put-drivers-tty-synclink_gt.ko_false-unreach-call.cil.out.i.bpl.bpl.txt,NOK,55.73,194
43_1a_cilled_true-unreach-call_ok_nondet_linux-43_1a-drivers--tty--serial--mfd.ko-ldv_main0_sequence_infinite_withcheck_stateful.cil.out.i.bpl.bpl.txt,ReachedBound,88.58,570
linux-4.2-rc1.tar.xz-43_2a-drivers--net--ethernet--via--via-rhine.ko-entry_point_true-unreach-call.cil.out.i.bpl.bpl.txt,ReachedBound,382.49,330
linux-4.2-rc1.tar.xz-32_7a-drivers--media--pci--cx18--cx18.ko-entry_point_true-unreach-call.cil.out.i.bpl.bpl.txt,TIMEDOUT,3600,0
205_9a_array_safes_linux-3.16-rc1.tar.xz-205_9a-drivers--net--wireless--libertas_tf--libertas_tf.ko-entry_point_true-unreach-call.cil.out.i.bpl.bpl.txt,ReachedBound,154.37,232
32_7a_cilled_true-unreach-call_linux-3.8-rc1-32_7a-drivers--media--i2c--cx25840--cx25840.ko-ldv_main0_sequence_infinite_withcheck_stateful.cil.out.i.bpl.bpl.txt,TIMEDOUT,3600,0
32_1_cilled_true-unreach-call_ok_nondet_linux-3.4-32_1-drivers--media--common--tuners--qt1010.ko-ldv_main0_sequence_infinite_withcheck_stateful.cil.out.i.bpl.bpl.txt,OK,0.65,10
linux-4.2-rc1.tar.xz-43_2a-drivers--media--pci--saa7164--saa7164.ko-entry_point_true-unreach-call.cil.out.i.bpl.bpl.txt,TIMEDOUT,3600,0
43_2a_bitvector_linux-3.16-rc1.tar.xz-43_2a-net--unix--unix.ko-entry_point_false-unreach-call.cil.out.i.bpl.bpl.txt,TIMEDOUT,3600,0
205_9a_array_safes_linux-3.16-rc1.tar.xz-205_9a-drivers--net--ethernet--dec--tulip--xircom_cb.ko-entry_point_true-unreach-call.cil.out.i.bpl.bpl.txt,ReachedBound,6.66,65
linux-4.2-rc1.tar.xz-32_7a-drivers--misc--sgi-gru--gru.ko-entry_point_true-unreach-call.cil.out.i.bpl.bpl.txt,ReachedBound,1939.57,815
linux-4.2-rc1.tar.xz-32_7a-drivers--ata--libata.ko-entry_point_false-unreach-call.cil.out.i.bpl.bpl.txt,TIMEDOUT,3600,0
linux-4.2-rc1.tar.xz-08_1a-drivers--net--wireless--ipw2x00--ipw2200.ko-entry_point_true-unreach-call.cil.out.i.bpl.bpl.txt,OK,17.29,299
linux-4.2-rc1.tar.xz-43_2a-drivers--usb--host--ehci-hcd.ko-entry_point_true-unreach-call.cil.out.i.bpl.bpl.txt,TIMEDOUT,3600,0
linux-3.8-rc1-32_7a-drivers--media--dvb-frontends--stv090x.ko-ldv_main0_sequence_infinite_withcheck_stateful_true-unreach-call.cil.out.i.bpl.bpl.txt,NOK,617.38,1128
module_get_put-drivers-block-pktcdvd.ko_false-unreach-call.cil.out.i.bpl.bpl.txt,NOK,45.28,368
main0_false-unreach-call_drivers-media-video-tlg2300-poseidon-ko--32_7a--4a349aa-1.i.bpl.bpl.txt,NOK,995.7,97
linux-4.2-rc1.tar.xz-43_2a-drivers--media--pci--ttpci--dvb-ttpci.ko-entry_point_true-unreach-call.cil.out.i.bpl.bpl.txt,TIMEDOUT,3600,0
linux-4.2-rc1.tar.xz-32_7a-drivers--video--fbdev--aty--radeonfb.ko-entry_point_true-unreach-call.cil.out.i.bpl.bpl.txt,ReachedBound,67.98,188
module_get_put-drivers-isdn-gigaset-gigaset.ko_false-unreach-call.cil.out.i.bpl.bpl.txt,TIMEDOUT,3600,0
43_2a_consumption_linux-3.16-rc1.tar.xz-43_2a-drivers--net--usb--pegasus.ko-entry_point_true-unreach-call.cil.out.i.bpl.bpl.txt,TIMEDOUT,3600,0
32_7a_cilled_true-unreach-call_linux-3.8-rc1-32_7a-drivers--media--tuners--tda18271.ko-ldv_main2_sequence_infinite_withcheck_stateful.cil.out.i.bpl.bpl.txt,ReachedBound,1204.64,1836
32_1_cilled_true-unreach-call_ok_nondet_linux-3.4-32_1-drivers--media--dvb--dvb-usb--dvb-usb-pctv452e.ko-ldv_main0_sequence_infinite_withcheck_stateful.cil.out.i.bpl.bpl.txt,ReachedBound,538.99,88
linux-4.2-rc1.tar.xz-43_2a-drivers--pcmcia--pcmcia.ko-entry_point_true-unreach-call.cil.out.i.bpl.bpl.txt,TIMEDOUT,3600,0
linux-4.0-rc1---drivers--scsi--BusLogic.ko_true-unreach-call.cil.i.bpl.bpl.txt,NOK,115.19,183
43_2a_consumption_linux-3.16-rc1.tar.xz-43_2a-net--batman-adv--batman-adv.ko-entry_point_true-unreach-call.cil.out.i.bpl.bpl.txt,TIMEDOUT,3600,0
linux-4.0-rc1---drivers--char--ipmi--ipmi_msghandler.ko_true-unreach-call.cil.i.bpl.bpl.txt,NOK,2753.63,127
32_7a_cilled_false-unreach-call_linux-3.8-rc1-32_7a-fs--hfs--hfs.ko-ldv_main6_sequence_infinite_withcheck_stateful.cil.out.i.bpl.bpl.txt,NOK,2213.1,241
m0_true-unreach-call_drivers-media-video-cx88-cx8802-ko--32_7a--d47b389.i.bpl.bpl.txt,ReachedBound,6.03,180
linux-4.2-rc1.tar.xz-43_2a-drivers--net--ethernet--atheros--atl1e--atl1e.ko-entry_point_true-unreach-call.cil.out.i.bpl.bpl.txt,ReachedBound,1402.11,1332
linux-4.2-rc1.tar.xz-43_2a-drivers--mmc--host--rtsx_pci_sdmmc.ko-entry_point_true-unreach-call.cil.out.i.bpl.bpl.txt,ReachedBound,7.84,192
32_1_cilled_true-unreach-call_ok_nondet_linux-3.4-32_1-drivers--media--dvb--bt8xx--dvb-bt8xx.ko-ldv_main0_sequence_infinite_withcheck_stateful.cil.out.i.bpl.bpl.txt,OK,0.46,9
linux-4.2-rc1.tar.xz-43_2a-drivers--tty--n_r3964.ko-entry_point_true-unreach-call.cil.out.i.bpl.bpl.txt,ReachedBound,16.38,195
linux-4.2-rc1.tar.xz-32_7a-drivers--char--ipmi--ipmi_msghandler.ko-entry_point_true-unreach-call.cil.out.i.bpl.bpl.txt,ReachedBound,1391.26,1386
linux-4.2-rc1.tar.xz-43_2a-drivers--usb--gadget--udc--bdc--bdc.ko-entry_point_true-unreach-call.cil.out.i.bpl.bpl.txt,TIMEDOUT,3600,0
linux-3.8-rc1-32_7a-drivers--hwmon--w83793.ko-ldv_main0_true-unreach-call.cil.out.i.bpl.bpl.txt,TIMEDOUT,3600,0
linux-4.2-rc1.tar.xz-32_7a-drivers--media--usb--cx231xx--cx231xx.ko-entry_point_true-unreach-call.cil.out.i.bpl.bpl.txt,TIMEDOUT,3600,0
linux-3.8-rc1-32_7a-drivers--scsi--osst.ko-ldv_main0_sequence_infinite_withcheck_stateful_true-unreach-call.cil.out.i.bpl.bpl.txt,ReachedBound,103.26,251
32_7a_cilled_true-unreach-call_linux-3.8-rc1-32_7a-sound--core--snd-rawmidi.ko-ldv_main0_sequence_infinite_withcheck_stateful.cil.out.i.bpl.bpl.txt,ReachedBound,281.71,1023
43_2a_consumption_linux-3.16-rc1.tar.xz-43_2a-drivers--net--wireless--zd1211rw--zd1211rw.ko-entry_point_true-unreach-call.cil.out.i.bpl.bpl.txt,TIMEDOUT,3600,0
43_2a_consumption_linux-3.16-rc1.tar.xz-43_2a-fs--dlm--dlm.ko-entry_point_true-unreach-call.cil.out.i.bpl.bpl.txt,TIMEDOUT,3600,0
linux-4.0-rc1---drivers--mmc--card--mmc_test.ko_true-unreach-call.cil.i.bpl.bpl.txt,TIMEDOUT,3600,0
linux-4.0-rc1---drivers--firewire--firewire-core.ko_false-unreach-call.cil.i.bpl.bpl.txt,TIMEDOUT,3600,0
43_2a_consumption_linux-3.16-rc1.tar.xz-43_2a-drivers--net--ethernet--qlogic--netxen--netxen_nic.ko-entry_point_true-unreach-call.cil.out.i.bpl.bpl.txt,TIMEDOUT,3600,0
linux-4.2-rc1.tar.xz-32_7a-drivers--platform--x86--thinkpad_acpi.ko-entry_point_true-unreach-call.cil.out.i.bpl.bpl.txt,TIMEDOUT,3600,0
m0_true-unreach-call_sound-core-oss-snd-mixer-oss-ko--143_7a--506218e.i.bpl.bpl.txt,TIMEDOUT,3600,0
43_2a_consumption_linux-3.16-rc1.tar.xz-43_2a-drivers--scsi--qla2xxx--tcm_qla2xxx.ko-entry_point_true-unreach-call.cil.out.i.bpl.bpl.txt,ReachedBound,1234.57,616
205_9a_array_safes_linux-3.16-rc1.tar.xz-205_9a-drivers--net--arcnet--rfc1051.ko-entry_point_true-unreach-call.cil.out.i.bpl.bpl.txt,ReachedBound,3.18,106
32_1_cilled_true-unreach-call_ok_nondet_linux-3.4-32_1-drivers--w1--masters--ds2490.ko-ldv_main0_sequence_infinite_withcheck_stateful.cil.out.i.bpl.bpl.txt,ReachedBound,6.33,141
linux-4.2-rc1.tar.xz-08_1a-drivers--net--ethernet--cavium--liquidio--liquidio.ko-entry_point_true-unreach-call.cil.out.i.bpl.bpl.txt,TIMEDOUT,3600,0
usb_urb-drivers-input-tablet-kbtab.ko_true-unreach-call.cil.out.i.bpl.bpl.txt,ReachedBound,50.5,171
linux-4.2-rc1.tar.xz-43_2a-drivers--net--ethernet--broadcom--bnx2.ko-entry_point_true-unreach-call.cil.out.i.bpl.bpl.txt,TIMEDOUT,3600,0
linux-4.2-rc1.tar.xz-32_7a-drivers--net--wireless--p54--p54usb.ko-entry_point_true-unreach-call.cil.out.i.bpl.bpl.txt,ReachedBound,340.54,161
usb_urb-drivers-usb-serial-whiteheat.ko_true-unreach-call.cil.out.i.bpl.bpl.txt,ReachedBound,105.0,152
43_2a_consumption_linux-3.16-rc1.tar.xz-43_2a-drivers--video--fbdev--aty--radeonfb.ko-entry_point_true-unreach-call.cil.out.i.bpl.bpl.txt,ReachedBound,3225.13,952
linux-4.2-rc1.tar.xz-43_2a-drivers--usb--host--fotg210-hcd.ko-entry_point_true-unreach-call.cil.out.i.bpl.bpl.txt,TIMEDOUT,3600,0
linux-4.2-rc1.tar.xz-32_7a-drivers--block--rsxx--rsxx.ko-entry_point_true-unreach-call.cil.out.i.bpl.bpl.txt,TIMEDOUT,3600,0
43_2a_consumption_linux-3.16-rc1.tar.xz-43_2a-drivers--bluetooth--btmrvl_sdio.ko-entry_point_true-unreach-call.cil.out.i.bpl.bpl.txt,ReachedBound,9.05,92
linux-4.2-rc1.tar.xz-08_1a-drivers--net--ethernet--intel--e1000--e1000.ko-entry_point_true-unreach-call.cil.out.i.bpl.bpl.txt,OK,5.4,70
linux-4.2-rc1.tar.xz-08_1a-drivers--rapidio--rapidio.ko-entry_point_true-unreach-call.cil.out.i.bpl.bpl.txt,ReachedBound,239.5,248
205_9a_array_unsafes_linux-3.16-rc1.tar.xz-205_9a-drivers--net--ethernet--oki-semi--pch_gbe--pch_gbe.ko-entry_point_false-unreach-call.cil.out.i.bpl.bpl.txt,TIMEDOUT,3600,0
32_7a_cilled_false-unreach-call_linux-3.8-rc1-drivers--hwmon--abituguru3.ko-main.cil.out.i.bpl.bpl.txt,TIMEDOUT,3600,0
32_7a_cilled_true-unreach-call_linux-3.8-rc1-drivers--media--usb--tm6000--tm6000.ko-main.cil.out.i.bpl.bpl.txt,TIMEDOUT,3600,0
linux-4.2-rc1.tar.xz-32_7a-drivers--input--mousedev.ko-entry_point_false-unreach-call.cil.out.i.bpl.bpl.txt,NOK,112.79,437
linux-4.2-rc1.tar.xz-43_2a-drivers--isdn--hardware--mISDN--w6692.ko-entry_point_true-unreach-call.cil.out.i.bpl.bpl.txt,ReachedBound,175.89,831
linux-4.2-rc1.tar.xz-32_7a-drivers--usb--host--fotg210-hcd.ko-entry_point_true-unreach-call.cil.out.i.bpl.bpl.txt,ReachedBound,2409.85,404
linux-4.2-rc1.tar.xz-32_7a-drivers--gpu--drm--qxl--qxl.ko-entry_point_false-unreach-call.cil.out.i.bpl.bpl.txt,TIMEDOUT,3600,0
linux-4.0-rc1---drivers--usb--musb--musb_hdrc.ko_false-unreach-call.cil.i.bpl.bpl.txt,TIMEDOUT,3600,0
43_2a_consumption_linux-3.16-rc1.tar.xz-43_2a-drivers--net--ethernet--sis--sis900.ko-entry_point_true-unreach-call.cil.out.i.bpl.bpl.txt,ReachedBound,346.39,5346
linux-4.2-rc1.tar.xz-43_2a-drivers--staging--lustre--lustre--obdecho--obdecho.ko-entry_point_true-unreach-call.cil.out.i.bpl.bpl.txt,TIMEDOUT,3600,0
32_7a_cilled_true-unreach-call_linux-3.8-rc1-drivers--staging--sbe-2t3e3--sbe-2t3e3.ko-main.cil.out.i.bpl.bpl.txt,OK,0.5,8
main1_false-unreach-call_drivers-usb-core-usbcore-ko--32_7a--linux-3.7.3.i.bpl.bpl.txt,TIMEDOUT,3600,0
linux-4.2-rc1.tar.xz-08_1a-drivers--scsi--fcoe--fcoe.ko-entry_point_false-unreach-call.cil.out.i.bpl.bpl.txt,TIMEDOUT,3600,0
32_7a_cilled_true-unreach-call_linux-3.8-rc1-drivers--hwmon--amc6821.ko-main.cil.out.i.bpl.bpl.txt,TIMEDOUT,3600,0
linux-4.2-rc1.tar.xz-43_2a-drivers--net--wireless--prism54--prism54.ko-entry_point_true-unreach-call.cil.out.i.bpl.bpl.txt,TIMEDOUT,3600,0
linux-stable-431e8d4-1-102_1a-drivers--net--r8169.ko-entry_point_false-unreach-call.cil.out.i.bpl.bpl.txt,NOK,413.8,194
32_7a_cilled_true-unreach-call_linux-3.8-rc1-drivers--hwmon--w83792d.ko-main.cil.out.i.bpl.bpl.txt,TIMEDOUT,3600,0
linux-4.2-rc1.tar.xz-43_2a-drivers--net--wireless--zd1211rw--zd1211rw.ko-entry_point_true-unreach-call.cil.out.i.bpl.bpl.txt,TIMEDOUT,3600,0
linux-4.2-rc1.tar.xz-32_7a-drivers--net--ethernet--intel--e1000--e1000.ko-entry_point_true-unreach-call.cil.out.i.bpl.bpl.txt,OK,5.37,70
linux-stable-90a4845-1-110_1a-drivers--char--ipmi--ipmi_si.ko-entry_point_false-unreach-call.cil.out.i.bpl.bpl.txt,NOK,53.26,157
linux-4.2-rc1.tar.xz-32_7a-drivers--md--raid456.ko-entry_point_false-unreach-call.cil.out.i.bpl.bpl.txt,NOK,78.41,555
linux-4.2-rc1.tar.xz-43_2a-drivers--isdn--gigaset--bas_gigaset.ko-entry_point_true-unreach-call.cil.out.i.bpl.bpl.txt,TIMEDOUT,3600,0
linux-4.2-rc1.tar.xz-32_7a-drivers--media--usb--cpia2--cpia2.ko-entry_point_false-unreach-call.cil.out.i.bpl.bpl.txt,TIMEDOUT,3600,0
linux-3.12-rc1.tar.xz-144_2a-drivers--media--usb--gspca--gspca_main.ko-entry_point_false-unreach-call.cil.out.i.bpl.bpl.txt,NOK,90.35,322
32_7a_cilled_true-unreach-call_linux-3.8-rc1-32_7a-drivers--net--arcnet--arcnet.ko-ldv_main0_sequence_infinite_withcheck_stateful.cil.out.i.bpl.bpl.txt,OK,0.54,6
43_1a_cilled_true-unreach-call_ok_nondet_linux-43_1a-drivers--media--dvb--dvb-usb--dvb-usb-vp702x.ko-ldv_main0_sequence_infinite_withcheck_stateful.cil.out.i.bpl.bpl.txt,OK,72.21,103
205_9a_array_unsafes_linux-3.16-rc1.tar.xz-205_9a-drivers--net--can--can-dev.ko-entry_point_true-unreach-call.cil.out.i.bpl.bpl.txt,ReachedBound,43.53,243
linux-4.2-rc1.tar.xz-43_2a-drivers--net--ethernet--realtek--r8169.ko-entry_point_true-unreach-call.cil.out.i.bpl.bpl.txt,TIMEDOUT,3600,0
linux-4.0-rc1---drivers--block--paride--pf.ko_false-unreach-call.cil.i.bpl.bpl.txt,NOK,149.52,48
linux-4.2-rc1.tar.xz-43_2a-drivers--input--mouse--psmouse.ko-entry_point_true-unreach-call.cil.out.i.bpl.bpl.txt,TIMEDOUT,3600,0
linux-3.8-rc1-32_7a-drivers--media--usb--em28xx--em28xx.ko-ldv_main0_true-unreach-call.cil.out.i.bpl.bpl.txt,TIMEDOUT,3600,0
43_2a_bitvector_linux-3.16-rc1.tar.xz-43_2a-drivers--usb--gadget--pch_udc.ko-entry_point_false-unreach-call.cil.out.i.bpl.bpl.txt,NOK,199.52,685
205_9a_array_unsafes_linux-3.16-rc1.tar.xz-205_9a-drivers--net--ethernet--8390--8390.ko-entry_point_false-unreach-call.cil.out.i.bpl.bpl.txt,TIMEDOUT,3600,0
linux-4.2-rc1.tar.xz-32_7a-drivers--crypto--qat--qat_common--intel_qat.ko-entry_point_true-unreach-call.cil.out.i.bpl.bpl.txt,ReachedBound,945.58,368
linux-4.2-rc1.tar.xz-43_2a-drivers--tty--synclink_gt.ko-entry_point_true-unreach-call.cil.out.i.bpl.bpl.txt,TIMEDOUT,3600,0
linux-4.2-rc1.tar.xz-43_2a-drivers--net--ethernet--hp--hp100.ko-entry_point_true-unreach-call.cil.out.i.bpl.bpl.txt,ReachedBound,209.79,1815
32_7a_cilled_false-unreach-call_linux-3.8-rc1-32_7a-fs--ubifs--ubifs.ko-ldv_main3_sequence_infinite_withcheck_stateful.cil.out.i.bpl.bpl.txt,TIMEDOUT,3600,0
linux-4.2-rc1.tar.xz-43_2a-drivers--scsi--be2iscsi--be2iscsi.ko-entry_point_true-unreach-call.cil.out.i.bpl.bpl.txt,NOK,68.84,97
linux-stable-073676f-1-114_1a-drivers--net--b44.ko-entry_point_ldv-val-v0.8_false-unreach-call.cil.out.i.bpl.bpl.txt,NOK,419.21,200
linux-4.2-rc1.tar.xz-43_2a-drivers--media--usb--cx231xx--cx231xx.ko-entry_point_true-unreach-call.cil.out.i.bpl.bpl.txt,TIMEDOUT,3600,0
32_7a_cilled_true-unreach-call_linux-3.8-rc1-32_7a-drivers--misc--sgi-xp--xpc.ko-ldv_main0_sequence_infinite_withcheck_stateful.cil.out.i.bpl.bpl.txt,OK,9.02,54
linux-4.2-rc1.tar.xz-32_7a-drivers--md--dm-crypt.ko-entry_point_false-unreach-call.cil.out.i.bpl.bpl.txt,TIMEDOUT,3600,0
linux-4.0-rc1---drivers--block--skd.ko_false-unreach-call.cil.i.bpl.bpl.txt,TIMEDOUT,3600,0
linux-4.2-rc1.tar.xz-43_2a-drivers--tty--serial--jsm--jsm.ko-entry_point_true-unreach-call.cil.out.i.bpl.bpl.txt,TIMEDOUT,3600,0
linux-4.2-rc1.tar.xz-08_1a-drivers--staging--lustre--lnet--selftest--lnet_selftest.ko-entry_point_true-unreach-call.cil.out.i.bpl.bpl.txt,OK,1.42,14
linux-4.2-rc1.tar.xz-08_1a-drivers--block--loop.ko-entry_point_false-unreach-call.cil.out.i.bpl.bpl.txt,ReachedBound,16.61,408
linux-4.2-rc1.tar.xz-43_2a-drivers--net--ethernet--ti--tlan.ko-entry_point_true-unreach-call.cil.out.i.bpl.bpl.txt,TIMEDOUT,3600,0
43_2a_consumption_linux-3.16-rc1.tar.xz-43_2a-drivers--net--ethernet--neterion--vxge--vxge.ko-entry_point_true-unreach-call.cil.out.i.bpl.bpl.txt,NOK,564.38,117
linux-4.2-rc1.tar.xz-08_1a-drivers--crypto--qat--qat_common--intel_qat.ko-entry_point_true-unreach-call.cil.out.i.bpl.bpl.txt,ReachedBound,184.92,175
linux-3.12-rc1.tar.xz-144_2a-drivers--isdn--hisax--hisax_st5481.ko-entry_point_false-unreach-call.cil.out.i.bpl.bpl.txt,NOK,295.26,200
linux-4.2-rc1.tar.xz-43_2a-drivers--net--wireless--ath--ath9k--ath9k_htc.ko-entry_point_true-unreach-call.cil.out.i.bpl.bpl.txt,TIMEDOUT,3600,0
32_7a_cilled_true-unreach-call_linux-3.8-rc1-drivers--regulator--isl6271a-regulator.ko-main.cil.out.i.bpl.bpl.txt,ReachedBound,12.02,128
linux-4.2-rc1.tar.xz-32_7a-drivers--media--usb--hdpvr--hdpvr.ko-entry_point_false-unreach-call.cil.out.i.bpl.bpl.txt,TIMEDOUT,3600,0
43_1a_cilled_true-unreach-call_ok_nondet_linux-43_1a-drivers--usb--serial--iuu_phoenix.ko-ldv_main0_sequence_infinite_withcheck_stateful.cil.out.i.bpl.bpl.txt,TIMEDOUT,3600,0
linux-4.0-rc1---drivers--misc--sgi-gru--gru.ko_false-unreach-call.cil.i.bpl.bpl.txt,TIMEDOUT,3600,0
linux-4.2-rc1.tar.xz-32_7a-drivers--hwmon--abituguru3.ko-entry_point_false-unreach-call.cil.out.i.bpl.bpl.txt,TIMEDOUT,3600,0
43_2a_consumption_linux-3.16-rc1.tar.xz-43_2a-drivers--target--sbp--sbp_target.ko-entry_point_true-unreach-call.cil.out.i.bpl.bpl.txt,TIMEDOUT,3600,0
linux-4.2-rc1.tar.xz-32_7a-drivers--usb--host--xhci-hcd.ko-entry_point_true-unreach-call.cil.out.i.bpl.bpl.txt,TIMEDOUT,3600,0
linux-4.2-rc1.tar.xz-43_2a-drivers--usb--gadget--udc--gr_udc.ko-entry_point_true-unreach-call.cil.out.i.bpl.bpl.txt,TIMEDOUT,3600,0
m0_false-unreach-call_drivers-net-b44-ko--114_1a--073676f-1.i.bpl.bpl.txt,NOK,555.68,62
linux-4.2-rc1.tar.xz-43_2a-drivers--infiniband--ulp--isert--ib_isert.ko-entry_point_true-unreach-call.cil.out.i.bpl.bpl.txt,TIMEDOUT,3600,0
43_2a_bitvector_linux-3.16-rc1.tar.xz-43_2a-drivers--net--ethernet--broadcom--b44.ko-entry_point_true-unreach-call.cil.out.i.bpl.bpl.txt,TIMEDOUT,3600,0
linux-torvalds-645ef9e-32_7a-sound--oss--sound.ko-entry_point_ldv-val-v0.8_false-unreach-call.cil.out.i.bpl.bpl.txt,ReachedBound,3359.72,406
32_7a_cilled_true-unreach-call_linux-3.8-rc1-drivers--hwmon--w83781d.ko-main.cil.out.i.bpl.bpl.txt,TIMEDOUT,3600,0
43_2a_consumption_linux-3.16-rc1.tar.xz-43_2a-drivers--tty--rocket.ko-entry_point_true-unreach-call.cil.out.i.bpl.bpl.txt,ReachedBound,1200.27,442
linux-stable-42f9f8d-1-111_1a-sound--oss--opl3.ko-entry_point_false-unreach-call.cil.out.i.bpl.bpl.txt,NOK,2017.46,148
32_7a_cilled_true-unreach-call_linux-3.8-rc1-32_7a-drivers--pcmcia--pcmcia.ko-ldv_main2_sequence_infinite_withcheck_stateful.cil.out.i.bpl.bpl.txt,TIMEDOUT,3600,0
linux-4.2-rc1.tar.xz-43_2a-drivers--block--rbd.ko-entry_point_true-unreach-call.cil.out.i.bpl.bpl.txt,TIMEDOUT,3600,0
205_9a_array_unsafes_linux-3.16-rc1.tar.xz-205_9a-drivers--net--ethernet--intel--i40evf--i40evf.ko-entry_point_true-unreach-call.cil.out.i.bpl.bpl.txt,ReachedBound,1260.78,212
linux-4.2-rc1.tar.xz-43_2a-drivers--gpu--drm--qxl--qxl.ko-entry_point_true-unreach-call.cil.out.i.bpl.bpl.txt,TIMEDOUT,3600,0
32_7a_cilled_true-unreach-call_linux-3.8-rc1-32_7a-drivers--net--ethernet--chelsio--cxgb4--cxgb4.ko-ldv_main0_sequence_infinite_withcheck_stateful.cil.out.i.bpl.bpl.txt,TIMEDOUT,3600,0
linux-3.12-rc1.tar.xz-144_2a-drivers--usb--serial--usbserial.ko-entry_point_false-unreach-call.cil.out.i.bpl.bpl.txt,NOK,177.21,280
43_2a_bitvector_linux-3.16-rc1.tar.xz-43_2a-drivers--net--wireless--orinoco--orinoco_usb.ko-entry_point_false-unreach-call.cil.out.i.bpl.bpl.txt,NOK,614.6,966
32_7a_cilled_true-unreach-call_linux-3.8-rc1-drivers--block--cciss.ko-main.cil.out.i.bpl.bpl.txt,Inconclusive,3600,0
linux-4.2-rc1.tar.xz-32_7a-drivers--misc--vmw_vmci--vmw_vmci.ko-entry_point_true-unreach-call.cil.out.i.bpl.bpl.txt,TIMEDOUT,3600,0
linux-4.2-rc1.tar.xz-32_7a-drivers--gpu--drm--gma500--gma500_gfx.ko-entry_point_true-unreach-call.cil.out.i.bpl.bpl.txt,TIMEDOUT,3600,0
linux-4.0-rc1---drivers--video--fbdev--udlfb.ko_false-unreach-call.cil.i.bpl.bpl.txt,TIMEDOUT,3600,0
linux-4.2-rc1.tar.xz-08_1a-drivers--staging--lustre--lustre--llite--llite_lloop.ko-entry_point_false-unreach-call.cil.out.i.bpl.bpl.txt,ReachedBound,4.39,206
linux-4.2-rc1.tar.xz-32_7a-drivers--hwmon--lm78.ko-entry_point_true-unreach-call.cil.out.i.bpl.bpl.txt,TIMEDOUT,3600,0
32_7a_cilled_true-unreach-call_linux-3.8-rc1-drivers--isdn--mISDN--l1oip.ko-main.cil.out.i.bpl.bpl.txt,ReachedBound,687.47,15
32_7a_cilled_true-unreach-call_linux-3.8-rc1-drivers--net--ethernet--3com--3c59x.ko-main.cil.out.i.bpl.bpl.txt,OK,4.3,8
205_9a_array_unsafes_linux-3.16-rc1.tar.xz-205_9a-drivers--net--ethernet--marvell--sky2.ko-entry_point_true-unreach-call.cil.out.i.bpl.bpl.txt,TIMEDOUT,3600,0
linux-4.2-rc1.tar.xz-32_7a-drivers--staging--lustre--lnet--lnet--lnet.ko-entry_point_true-unreach-call.cil.out.i.bpl.bpl.txt,NOK,574.97,124
module_get_put-drivers-atm-eni.ko_true-unreach-call.cil.out.i.bpl.bpl.txt,OK,0.72,9
linux-4.0-rc1---drivers--media--usb--dvb-usb-v2--dvb-usb-mxl111sf.ko_true-unreach-call.cil.i.bpl.bpl.txt,TIMEDOUT,3600,0
43_2a_consumption_linux-3.16-rc1.tar.xz-43_2a-drivers--usb--serial--sierra.ko-entry_point_true-unreach-call.cil.out.i.bpl.bpl.txt,ReachedBound,300.93,133
linux-4.2-rc1.tar.xz-43_2a-drivers--media--usb--cpia2--cpia2.ko-entry_point_true-unreach-call.cil.out.i.bpl.bpl.txt,TIMEDOUT,3600,0
32_7a_cilled_true-unreach-call_linux-3.8-rc1-drivers--net--wireless--iwlwifi--iwlwifi.ko-main.cil.out.i.bpl.bpl.txt,TIMEDOUT,3600,0
32_7a_cilled_true-unreach-call_linux-3.8-rc1-drivers--block--paride--pf.ko-main.cil.out.i.bpl.bpl.txt,ReachedBound,208.24,77
linux-3.12-rc1.tar.xz-144_2a-drivers--media--usb--cx231xx--cx231xx.ko-entry_point_false-unreach-call.cil.out.i.bpl.bpl.txt,TIMEDOUT,3600,0
43_2a_consumption_linux-3.16-rc1.tar.xz-43_2a-drivers--isdn--hardware--mISDN--hfcsusb.ko-entry_point_true-unreach-call.cil.out.i.bpl.bpl.txt,ReachedBound,482.37,122
32_1_cilled_true-unreach-call_ok_nondet_linux-3.4-32_1-drivers--media--dvb--dvb-usb--dvb-usb-az6027.ko-ldv_main0_sequence_infinite_withcheck_stateful.cil.out.i.bpl.bpl.txt,ReachedBound,711.76,391
linux-4.2-rc1.tar.xz-32_7a-drivers--power--bq2415x_charger.ko-entry_point_true-unreach-call.cil.out.i.bpl.bpl.txt,TIMEDOUT,3600,0
205_9a_array_unsafes_linux-3.16-rc1.tar.xz-205_9a-drivers--net--wan--hdlc_cisco.ko-entry_point_false-unreach-call.cil.out.i.bpl.bpl.txt,ReachedBound,7.03,171
linux-4.2-rc1.tar.xz-32_7a-drivers--media--i2c--cx25840--cx25840.ko-entry_point_true-unreach-call.cil.out.i.bpl.bpl.txt,TIMEDOUT,3600,0
205_9a_array_unsafes_linux-3.16-rc1.tar.xz-205_9a-drivers--net--wireless--mwl8k.ko-entry_point_false-unreach-call.cil.out.i.bpl.bpl.txt,ReachedBound,946.74,890
linux-4.2-rc1.tar.xz-08_1a-drivers--media--usb--dvb-usb--dvb-usb-dw2102.ko-entry_point_false-unreach-call.cil.out.i.bpl.bpl.txt,TIMEDOUT,3600,0
linux-4.2-rc1.tar.xz-43_2a-drivers--staging--vt6656--vt6656_stage.ko-entry_point_true-unreach-call.cil.out.i.bpl.bpl.txt,TIMEDOUT,3600,0
linux-4.2-rc1.tar.xz-43_2a-drivers--net--wireless--airo.ko-entry_point_true-unreach-call.cil.out.i.bpl.bpl.txt,TIMEDOUT,3600,0
main11_false-unreach-call_drivers-usb-core-usbcore-ko--32_7a--linux-3.7.3.i.bpl.bpl.txt,TIMEDOUT,3600,0
main0_false-unreach-call_drivers-net-wireless-mwl8k-ko---32_7a--linux-3.7.3.i.bpl.bpl.txt,NOK,161.44,126
43_2a_consumption_linux-3.16-rc1.tar.xz-43_2a-drivers--usb--class--cdc-acm.ko-entry_point_true-unreach-call.cil.out.i.bpl.bpl.txt,ReachedBound,2058.98,399
32_7a_cilled_true-unreach-call_linux-3.8-rc1-32_7a-fs--nfs--nfsv4.ko-ldv_main4_sequence_infinite_withcheck_stateful.cil.out.i.bpl.bpl.txt,TIMEDOUT,3600,0
linux-4.2-rc1.tar.xz-32_7a-drivers--hid--usbhid--usbhid.ko-entry_point_true-unreach-call.cil.out.i.bpl.bpl.txt,TIMEDOUT,3600,0
linux-stable-d47b389-1-32_7a-drivers--media--video--cx88--cx88-blackbird.ko-entry_point_false-unreach-call.cil.out.i.bpl.bpl.txt,NOK,98.18,371
32_7a_cilled_false-unreach-call_linux-3.8-rc1-32_7a-drivers--media--dvb-frontends--stv090x.ko-ldv_main0_sequence_infinite_withcheck_stateful.cil.out.i.bpl.bpl.txt,NOK,946.43,1096
32_7a_cilled_true-unreach-call_linux-3.8-rc1-32_7a-drivers--net--usb--hso.ko-ldv_main0_sequence_infinite_withcheck_stateful.cil.out.i.bpl.bpl.txt,TIMEDOUT,3600,0
linux-3.12-rc1.tar.xz-144_2a-drivers--media--usb--dvb-usb--dvb-usb-dib0700.ko-entry_point_false-unreach-call.cil.out.i.bpl.bpl.txt,TIMEDOUT,3600,0
linux-4.2-rc1.tar.xz-43_2a-drivers--net--vmxnet3--vmxnet3.ko-entry_point_true-unreach-call.cil.out.i.bpl.bpl.txt,TIMEDOUT,3600,0
linux-4.2-rc1.tar.xz-32_7a-drivers--net--wireless--mediatek--mt7601u--mt7601u.ko-entry_point_true-unreach-call.cil.out.i.bpl.bpl.txt,TIMEDOUT,3600,0
linux-3.12-rc1.tar.xz-144_2a-drivers--media--usb--ttusb-dec--ttusb_dec.ko-entry_point_false-unreach-call.cil.out.i.bpl.bpl.txt,ReachedBound,4.49,50
linux-4.2-rc1.tar.xz-43_2a-drivers--memstick--core--ms_block.ko-entry_point_true-unreach-call.cil.out.i.bpl.bpl.txt,TIMEDOUT,3600,0
linux-4.2-rc1.tar.xz-43_2a-drivers--net--ethernet--natsemi--natsemi.ko-entry_point_true-unreach-call.cil.out.i.bpl.bpl.txt,ReachedBound,870.93,2095
linux-4.2-rc1.tar.xz-32_7a-drivers--memstick--core--ms_block.ko-entry_point_true-unreach-call.cil.out.i.bpl.bpl.txt,TIMEDOUT,3600,0
32_7a_cilled_true-unreach-call_linux-3.8-rc1-drivers--tty--synclinkmp.ko-main.cil.out.i.bpl.bpl.txt,ReachedBound,125.87,103
43_2a_consumption_linux-3.16-rc1.tar.xz-43_2a-sound--drivers--snd-aloop.ko-entry_point_true-unreach-call.cil.out.i.bpl.bpl.txt,ReachedBound,74.77,256
linux-4.2-rc1.tar.xz-08_1a-drivers--usb--serial--usbserial.ko-entry_point_false-unreach-call.cil.out.i.bpl.bpl.txt,TIMEDOUT,3600,0
205_9a_array_unsafes_linux-3.16-rc1.tar.xz-205_9a-drivers--net--wireless--ath--ath9k--ath9k_htc.ko-entry_point_false-unreach-call.cil.out.i.bpl.bpl.txt,TIMEDOUT,3600,0
43_2a_consumption_linux-3.16-rc1.tar.xz-43_2a-drivers--net--ethernet--dec--tulip--tulip.ko-entry_point_true-unreach-call.cil.out.i.bpl.bpl.txt,TIMEDOUT,3600,0
linux-3.12-rc1.tar.xz-144_2a-drivers--usb--class--cdc-acm.ko-entry_point_false-unreach-call.cil.out.i.bpl.bpl.txt,NOK,2207.77,699
205_9a_array_safes_linux-3.16-rc1.tar.xz-205_9a-drivers--net--ethernet--qlogic--netxen--netxen_nic.ko-entry_point_true-unreach-call.cil.out.i.bpl.bpl.txt,TIMEDOUT,3600,0
linux-4.2-rc1.tar.xz-32_7a-drivers--pcmcia--pcmcia.ko-entry_point_true-unreach-call.cil.out.i.bpl.bpl.txt,NOK,2451.08,783
linux-4.0-rc1---drivers--md--raid456.ko_false-unreach-call.cil.i.bpl.bpl.txt,TIMEDOUT,3600,0
205_9a_array_safes_linux-3.16-rc1.tar.xz-205_9a-drivers--net--arcnet--arc-rawmode.ko-entry_point_true-unreach-call.cil.out.i.bpl.bpl.txt,ReachedBound,40.77,89
32_1_cilled_true-unreach-call_ok_nondet_linux-3.4-32_1-drivers--media--dvb--dvb-usb--dvb-usb-vp7045.ko-ldv_main0_sequence_infinite_withcheck_stateful.cil.out.i.bpl.bpl.txt,ReachedBound,859.58,278
linux-4.2-rc1.tar.xz-43_2a-drivers--net--xen-netfront.ko-entry_point_true-unreach-call.cil.out.i.bpl.bpl.txt,ReachedBound,203.96,1314
linux-4.2-rc1.tar.xz-43_2a-drivers--scsi--ipr.ko-entry_point_true-unreach-call.cil.out.i.bpl.bpl.txt,TIMEDOUT,3600,0
205_9a_array_unsafes_linux-3.16-rc1.tar.xz-205_9a-drivers--net--wireless--rsi--rsi_91x.ko-entry_point_false-unreach-call.cil.out.i.bpl.bpl.txt,NOK,1724.27,154
linux-4.2-rc1.tar.xz-43_2a-drivers--usb--class--cdc-acm.ko-entry_point_true-unreach-call.cil.out.i.bpl.bpl.txt,ReachedBound,2671.62,604
linux-4.2-rc1.tar.xz-32_7a-drivers--isdn--i4l--isdn.ko-entry_point_true-unreach-call.cil.out.i.bpl.bpl.txt,TIMEDOUT,3600,0
32_7a_cilled_true-unreach-call_linux-3.8-rc1-drivers--usb--host--ohci-hcd.ko-main.cil.out.i.bpl.bpl.txt,ReachedBound,262.57,131
linux-4.2-rc1.tar.xz-43_2a-drivers--scsi--scsi_debug.ko-entry_point_true-unreach-call.cil.out.i.bpl.bpl.txt,TIMEDOUT,3600,0
linux-4.2-rc1.tar.xz-43_2a-drivers--net--wireless--rtlwifi--rtl8723ae--rtl8723ae.ko-entry_point_true-unreach-call.cil.out.i.bpl.bpl.txt,TIMEDOUT,3600,0
linux-3.8-rc1-32_7a-drivers--usb--serial--usbserial.ko-ldv_main0_true-unreach-call.cil.out.i.bpl.bpl.txt,TIMEDOUT,3600,0
linux-4.0-rc1---drivers--usb--gadget--udc--net2272.ko_false-unreach-call.cil.i.bpl.bpl.txt,NOK,837.02,1463
32_1_cilled_true-unreach-call_ok_nondet_linux-3.4-32_1-drivers--rtc--rtc-ds3232.ko-ldv_main0_sequence_infinite_withcheck_stateful.cil.out.i.bpl.bpl.txt,ReachedBound,16.12,122
43_2a_consumption_linux-3.16-rc1.tar.xz-43_2a-drivers--net--usb--hso.ko-entry_point_true-unreach-call.cil.out.i.bpl.bpl.txt,TIMEDOUT,3600,0
linux-4.0-rc1---drivers--input--touchscreen--elants_i2c.ko_false-unreach-call.cil.i.bpl.bpl.txt,NOK,103.52,466
linux-stable-064368f-1-111_1a-drivers--media--radio--si4713-i2c.ko-entry_point_ldv-val-v0.8_false-unreach-call.cil.out.i.bpl.bpl.txt,ReachedBound,87.4,474
32_7a_cilled_true-unreach-call_linux-3.8-rc1-drivers--infiniband--hw-cxgb3--iw_cxgb3.ko-main.cil.out.i.bpl.bpl.txt,TIMEDOUT,3600,0
32_7a_cilled_false-unreach-call_linux-3.8-rc1-32_7a-drivers--gpu--drm--vmwgfx--vmwgfx.ko-ldv_main2_sequence_infinite_withcheck_stateful.cil.out.i.bpl.bpl.txt,TIMEDOUT,3600,0
43_2a_consumption_linux-3.16-rc1.tar.xz-43_2a-drivers--memstick--host--jmb38x_ms.ko-entry_point_true-unreach-call.cil.out.i.bpl.bpl.txt,ReachedBound,8.8,127
205_9a_array_unsafes_linux-3.16-rc1.tar.xz-205_9a-drivers--net--wireless--at76c50x-usb.ko-entry_point_false-unreach-call.cil.out.i.bpl.bpl.txt,ReachedBound,269.09,303
43_2a_consumption_linux-3.16-rc1.tar.xz-43_2a-drivers--gpu--drm--gma500--gma500_gfx.ko-entry_point_true-unreach-call.cil.out.i.bpl.bpl.txt,TIMEDOUT,3600,0
32_7a_cilled_false-unreach-call_linux-3.8-rc1-32_7a-drivers--mmc--host--vub300.ko-ldv_main0_sequence_infinite_withcheck_stateful.cil.out.i.bpl.bpl.txt,ReachedBound,212.15,465
32_7a_cilled_true-unreach-call_linux-3.8-rc1-32_7a-drivers--message--fusion--mptsas.ko-ldv_main0_sequence_infinite_withcheck_stateful.cil.out.i.bpl.bpl.txt,TIMEDOUT,3600,0
32_7a_cilled_true-unreach-call_linux-3.8-rc1-32_7a-drivers--block--paride--pt.ko-ldv_main0_sequence_infinite_withcheck_stateful.cil.out.i.bpl.bpl.txt,ReachedBound,83.49,707
linux-4.0-rc1---drivers--block--mtip32xx--mtip32xx.ko_false-unreach-call.cil.i.bpl.bpl.txt,TIMEDOUT,3600,0
m0_true-unreach-call_drivers-media-rc-imon--32_7a--a9e7fb5.i.bpl.bpl.txt,ReachedBound,237.04,331
205_9a_array_unsafes_linux-3.16-rc1.tar.xz-205_9a-drivers--net--wireless--zd1211rw--zd1211rw.ko-entry_point_false-unreach-call.cil.out.i.bpl.bpl.txt,TIMEDOUT,3600,0
32_7a_cilled_true-unreach-call_linux-3.8-rc1-32_7a-kernel--rcutorture.ko-ldv_main0_sequence_infinite_withcheck_stateful.cil.out.i.bpl.bpl.txt,TIMEDOUT,3600,0
linux-4.2-rc1.tar.xz-43_2a-drivers--crypto--qat--qat_common--intel_qat.ko-entry_point_true-unreach-call.cil.out.i.bpl.bpl.txt,ReachedBound,263.77,204
43_2a_consumption_linux-3.16-rc1.tar.xz-43_2a-net--core--pktgen.ko-entry_point_true-unreach-call.cil.out.i.bpl.bpl.txt,ReachedBound,1023.03,521
linux-4.2-rc1.tar.xz-43_2a-drivers--scsi--initio.ko-entry_point_true-unreach-call.cil.out.i.bpl.bpl.txt,ReachedBound,10.39,144
32_7a_cilled_true-unreach-call_linux-3.8-rc1-32_7a-drivers--staging--speakup--speakup.ko-ldv_main4_sequence_infinite_withcheck_stateful.cil.out.i.bpl.bpl.txt,TIMEDOUT,3600,0
linux-4.0-rc1---drivers--block--virtio_blk.ko_false-unreach-call.cil.i.bpl.bpl.txt,NOK,233.88,438
32_7a_cilled_true-unreach-call_linux-3.8-rc1-32_7a-drivers--hwmon--applesmc.ko-ldv_main0_sequence_infinite_withcheck_stateful.cil.out.i.bpl.bpl.txt,ReachedBound,3142.5,395
linux-4.0-rc1---drivers--scsi--megaraid.ko_false-unreach-call.cil.i.bpl.bpl.txt,TIMEDOUT,3600,0
43_2a_consumption_linux-3.16-rc1.tar.xz-43_2a-sound--drivers--snd-dummy.ko-entry_point_true-unreach-call.cil.out.i.bpl.bpl.txt,TIMEDOUT,3600,0
32_7a_cilled_true-unreach-call_linux-3.8-rc1-drivers--media--pci--cx18--cx18.ko-main.cil.out.i.bpl.bpl.txt,TIMEDOUT,3600,0
linux-3.10-rc1-43_1a-bitvector-drivers--atm--he.ko-ldv_main0_true-unreach-call.cil.out.i.bpl.bpl.txt,NOK,52.91,24
linux-4.2-rc1.tar.xz-08_1a-drivers--net--ethernet--qlogic--qlge--qlge.ko-entry_point_true-unreach-call.cil.out.i.bpl.bpl.txt,OK,4.72,65
linux-4.2-rc1.tar.xz-32_7a-drivers--media--usb--tm6000--tm6000.ko-entry_point_true-unreach-call.cil.out.i.bpl.bpl.txt,TIMEDOUT,3600,0
m0_true-unreach-call_drivers-media-video-cx88-cx88-blackbird-ko--32_7a--d47b389-1.i.bpl.bpl.txt,TIMEDOUT,3600,0
32_7a_cilled_false-unreach-call_linux-3.8-rc1-32_7a-drivers--net--can--softing--softing.ko-ldv_main0_sequence_infinite_withcheck_stateful.cil.out.i.bpl.bpl.txt,NOK,20.61,76
32_7a_cilled_true-unreach-call_linux-3.8-rc1-drivers--block--cpqarray.ko-main.cil.out.i.bpl.bpl.txt,ReachedBound,30.96,52
linux-4.2-rc1.tar.xz-32_7a-drivers--usb--class--cdc-wdm.ko-entry_point_true-unreach-call.cil.out.i.bpl.bpl.txt,ReachedBound,402.11,824
linux-stable-8a9f335-1-32_7a-drivers--net--wireless--ath--carl9170--carl9170.ko-entry_point_false-unreach-call.cil.out.i.bpl.bpl.txt,TIMEDOUT,3600,0
43_2a_consumption_linux-3.16-rc1.tar.xz-43_2a-sound--drivers--snd-serial-u16550.ko-entry_point_true-unreach-call.cil.out.i.bpl.bpl.txt,ReachedBound,44.64,290
module_get_put-drivers-block-loop.ko_false-unreach-call.cil.out.i.bpl.bpl.txt,ReachedBound,2.77,91
linux-4.2-rc1.tar.xz-43_2a-drivers--scsi--osst.ko-entry_point_true-unreach-call.cil.out.i.bpl.bpl.txt,TIMEDOUT,3600,0
32_7a_cilled_true-unreach-call_linux-3.8-rc1-drivers--block--paride--pcd.ko-main.cil.out.i.bpl.bpl.txt,TIMEDOUT,3600,0
linux-4.2-rc1.tar.xz-43_2a-drivers--usb--host--oxu210hp-hcd.ko-entry_point_true-unreach-call.cil.out.i.bpl.bpl.txt,TIMEDOUT,3600,0
linux-4.2-rc1.tar.xz-32_7a-drivers--scsi--snic--snic.ko-entry_point_true-unreach-call.cil.out.i.bpl.bpl.txt,TIMEDOUT,3600,0
linux-4.2-rc1.tar.xz-43_2a-drivers--net--wireless--ath--ath5k--ath5k.ko-entry_point_true-unreach-call.cil.out.i.bpl.bpl.txt,TIMEDOUT,3600,0
205_9a_array_unsafes_linux-3.16-rc1.tar.xz-205_9a-drivers--net--wireless--rtlwifi--rtl8723ae--rtl8723ae.ko-entry_point_false-unreach-call.cil.out.i.bpl.bpl.txt,TIMEDOUT,3600,0
32_7a_cilled_true-unreach-call_linux-3.8-rc1-32_7a-drivers--infiniband--hw--cxgb3--iw_cxgb3.ko-ldv_main6_sequence_infinite_withcheck_stateful.cil.out.i.bpl.bpl.txt,TIMEDOUT,3600,0
43_2a_consumption_linux-3.16-rc1.tar.xz-43_2a-drivers--net--wireless--ath--ath5k--ath5k.ko-entry_point_true-unreach-call.cil.out.i.bpl.bpl.txt,TIMEDOUT,3600,0
32_7a_cilled_true-unreach-call_linux-3.8-rc1-drivers--platform--x86--ideapad-laptop.ko-main.cil.out.i.bpl.bpl.txt,ReachedBound,14.0,120
linux-4.2-rc1.tar.xz-32_7a-drivers--usb--dwc2--dwc2.ko-entry_point_true-unreach-call.cil.out.i.bpl.bpl.txt,NOK,469.16,68
linux-4.2-rc1.tar.xz-32_7a-drivers--usb--serial--usbserial.ko-entry_point_true-unreach-call.cil.out.i.bpl.bpl.txt,TIMEDOUT,3600,0
205_9a_array_unsafes_linux-3.16-rc1.tar.xz-205_9a-drivers--net--team--team.ko-entry_point_false-unreach-call.cil.out.i.bpl.bpl.txt,NOK,104.07,169
43_2a_consumption_linux-3.16-rc1.tar.xz-43_2a-drivers--input--gameport--ns558.ko-entry_point_true-unreach-call.cil.out.i.bpl.bpl.txt,NOK,1015.91,4
linux-4.2-rc1.tar.xz-43_2a-drivers--net--ethernet--qlogic--qlge--qlge.ko-entry_point_true-unreach-call.cil.out.i.bpl.bpl.txt,TIMEDOUT,3600,0
32_1_cilled_true-unreach-call_ok_nondet_linux-3.4-32_1-drivers--media--video--gspca--gspca_jl2005bcd.ko-ldv_main0_sequence_infinite_withcheck_stateful.cil.out.i.bpl.bpl.txt,ReachedBound,5.42,41
linux-4.2-rc1.tar.xz-32_7a-drivers--net--wireless--iwlwifi--dvm--iwldvm.ko-entry_point_true-unreach-call.cil.out.i.bpl.bpl.txt,TIMEDOUT,3600,0
linux-4.0-rc1---drivers--video--fbdev--s3fb.ko_false-unreach-call.cil.i.bpl.bpl.txt,NOK,401.13,330
linux-4.2-rc1.tar.xz-43_2a-drivers--net--irda--ali-ircc.ko-entry_point_true-unreach-call.cil.out.i.bpl.bpl.txt,TIMEDOUT,3600,0
linux-3.12-rc1.tar.xz-144_2a-drivers--media--usb--stk1160--stk1160.ko-entry_point_false-unreach-call.cil.out.i.bpl.bpl.txt,TIMEDOUT,3600,0
linux-stable-a9e7fb5-1-32_7a-drivers--media--rc--imon.ko-entry_point_ldv-val-v0.8_false-unreach-call.cil.out.i.bpl.bpl.txt,NOK,737.6,610
32_1_cilled_true-unreach-call_ok_nondet_linux-3.4-32_1-drivers--staging--iio--dds--ad9910.ko-ldv_main0_sequence_infinite_withcheck_stateful.cil.out.i.bpl.bpl.txt,ReachedBound,6.48,111
linux-4.2-rc1.tar.xz-43_2a-drivers--usb--serial--digi_acceleport.ko-entry_point_true-unreach-call.cil.out.i.bpl.bpl.txt,ReachedBound,1571.54,2189
linux-4.2-rc1.tar.xz-08_1a-drivers--net--wireless--ipw2x00--ipw2100.ko-entry_point_true-unreach-call.cil.out.i.bpl.bpl.txt,OK,7.91,183
205_9a_array_unsafes_linux-3.16-rc1.tar.xz-205_9a-drivers--net--ethernet--atheros--atlx--atl1.ko-entry_point_true-unreach-call.cil.out.i.bpl.bpl.txt,TIMEDOUT,3600,0
module_get_put-drivers-usb-core-usbcore.ko_false-unreach-call.cil.out.i.bpl.bpl.txt,TIMEDOUT,3600,0
linux-4.0-rc1---drivers--net--wireless--rtlwifi--rtl8192de--rtl8192de.ko_false-unreach-call.cil.i.bpl.bpl.txt,TIMEDOUT,3600,0
linux-3.12-rc1.tar.xz-144_2a-drivers--net--wireless--rtlwifi--rtl8192se--rtl8192se.ko-entry_point_true-unreach-call.cil.out.i.bpl.bpl.txt,OK,8.09,100
linux-4.2-rc1.tar.xz-08_1a-drivers--md--dm-multipath.ko-entry_point_false-unreach-call.cil.out.i.bpl.bpl.txt,TIMEDOUT,3600,0
32_7a_cilled_true-unreach-call_linux-3.8-rc1-32_7a-drivers--block--cciss.ko-ldv_main0_sequence_infinite_withcheck_stateful.cil.out.i.bpl.bpl.txt,Inconclusive,3600,0
linux-stable-a9e7fb5-1-32_7a-drivers--media--rc--imon.ko-entry_point_false-unreach-call.cil.out.i.bpl.bpl.txt,NOK,1117.69,749
linux-4.2-rc1.tar.xz-08_1a-drivers--mtd--mtd.ko-entry_point_false-unreach-call.cil.out.i.bpl.bpl.txt,NOK,1637.18,769
linux-4.2-rc1.tar.xz-08_1a-drivers--infiniband--hw--mthca--ib_mthca.ko-entry_point_true-unreach-call.cil.out.i.bpl.bpl.txt,OK,1.72,18
205_9a_array_unsafes_linux-3.16-rc1.tar.xz-205_9a-drivers--net--ethernet--renesas--sh_eth.ko-entry_point_false-unreach-call.cil.out.i.bpl.bpl.txt,TIMEDOUT,3600,0
m0_true-unreach-call_drivers-hwmon-s3c-hwmon-ko--130_7a--af3071a.i.bpl.bpl.txt,ReachedBound,5.26,145
linux-4.2-rc1.tar.xz-08_1a-drivers--net--ethernet--broadcom--bnx2.ko-entry_point_true-unreach-call.cil.out.i.bpl.bpl.txt,TIMEDOUT,3600,0
32_1_cilled_true-unreach-call_ok_nondet_linux-3.4-32_1-drivers--media--common--tuners--mxl5007t.ko-ldv_main0_sequence_infinite_withcheck_stateful.cil.out.i.bpl.bpl.txt,ReachedBound,75.19,52
linux-4.2-rc1.tar.xz-08_1a-drivers--video--console--fbcon.ko-entry_point_false-unreach-call.cil.out.i.bpl.bpl.txt,TIMEDOUT,3600,0
main0_false-unreach-call_drivers-vhost-tcm_vhost-ko--32_7a--linux-3.7.3.i.bpl.bpl.txt,NOK,152.99,104
43_1a_cilled_false-unreach-call_ok_linux-43_1a-drivers--misc--sgi-xp--xpc.ko-ldv_main3_sequence_infinite_withcheck_stateful.cil.out.i.bpl.bpl.txt,NOK,1148.17,663
linux-3.8-rc1-32_7a-drivers--input--misc--uinput.ko-ldv_main0_true-unreach-call.cil.out.i.bpl.bpl.txt,ReachedBound,43.5,730
linux-3.8-rc1-32_7a-drivers--usb--misc--sisusbvga--sisusbvga.ko-ldv_main0_sequence_infinite_withcheck_stateful_true-unreach-call.cil.out.i.bpl.bpl.txt,NOK,1518.86,43
32_7a_cilled_true-unreach-call_linux-3.8-rc1-32_7a-drivers--video--via--viafb.ko-ldv_main12_sequence_infinite_withcheck_stateful.cil.out.i.bpl.bpl.txt,ReachedBound,1086.43,439
32_7a_cilled_true-unreach-call_linux-3.8-rc1-32_7a-drivers--net--wireless--zd1211rw--zd1211rw.ko-ldv_main1_sequence_infinite_withcheck_stateful.cil.out.i.bpl.bpl.txt,TIMEDOUT,3600,0
linux-3.8-rc1-32_7a-drivers--scsi--mpt3sas--mpt3sas.ko-ldv_main4_false-unreach-call.cil.out.i.bpl.bpl.txt,TIMEDOUT,3600,0
linux-4.2-rc1.tar.xz-32_7a-drivers--media--pci--ttpci--dvb-ttpci.ko-entry_point_true-unreach-call.cil.out.i.bpl.bpl.txt,TIMEDOUT,3600,0
linux-4.2-rc1.tar.xz-32_7a-drivers--scsi--aic7xxx--aic79xx.ko-entry_point_true-unreach-call.cil.out.i.bpl.bpl.txt,OK,6.38,71
linux-3.8-rc1-32_7a-drivers--net--ethernet--emulex--benet--be2net.ko-ldv_main2_true-unreach-call.cil.out.i.bpl.bpl.txt,ReachedBound,2550.39,398
205_9a_array_unsafes_linux-3.16-rc1.tar.xz-205_9a-drivers--net--wireless--rtl818x--rtl8187--rtl8187.ko-entry_point_false-unreach-call.cil.out.i.bpl.bpl.txt,NOK,297.35,2123
32_7a_cilled_true-unreach-call_linux-3.8-rc1-drivers--misc--pch_phub.ko-main.cil.out.i.bpl.bpl.txt,ReachedBound,13.91,89
linux-4.2-rc1.tar.xz-08_1a-drivers--char--ipmi--ipmi_msghandler.ko-entry_point_true-unreach-call.cil.out.i.bpl.bpl.txt,OK,2.88,179
linux-4.0-rc1---drivers--media--usb--gspca--gspca_main.ko_false-unreach-call.cil.i.bpl.bpl.txt,NOK,202.57,240
32_1_cilled_true-unreach-call_ok_nondet_linux-3.4-32_1-drivers--media--video--em28xx--em28xx-dvb.ko-ldv_main0_sequence_infinite_withcheck_stateful.cil.out.i.bpl.bpl.txt,ReachedBound,26.0,96
linux-4.2-rc1.tar.xz-43_2a-drivers--net--irda--vlsi_ir.ko-entry_point_true-unreach-call.cil.out.i.bpl.bpl.txt,ReachedBound,825.01,1017
linux-4.2-rc1.tar.xz-43_2a-drivers--net--wireless--iwlegacy--iwl4965.ko-entry_point_true-unreach-call.cil.out.i.bpl.bpl.txt,TIMEDOUT,3600,0
linux-4.2-rc1.tar.xz-43_2a-drivers--net--ethernet--chelsio--cxgb--cxgb.ko-entry_point_true-unreach-call.cil.out.i.bpl.bpl.txt,TIMEDOUT,3600,0
linux-4.2-rc1.tar.xz-32_7a-drivers--video--console--fbcon.ko-entry_point_false-unreach-call.cil.out.i.bpl.bpl.txt,NOK,801.67,300
usb_urb-drivers-usb-serial-ir-usb.ko_true-unreach-call.cil.out.i.bpl.bpl.txt,ReachedBound,51.04,113
32_7a_cilled_false-unreach-call_linux-3.8-rc1-drivers--media--usb--cpia2--cpia2.ko-main.cil.out.i.bpl.bpl.txt,NOK,178.25,110
linux-4.2-rc1.tar.xz-43_2a-drivers--net--ethernet--amd--amd8111e.ko-entry_point_true-unreach-call.cil.out.i.bpl.bpl.txt,ReachedBound,121.92,353
linux-4.2-rc1.tar.xz-32_7a-drivers--usb--storage--usb-storage.ko-entry_point_true-unreach-call.cil.out.i.bpl.bpl.txt,TIMEDOUT,3600,0
linux-4.2-rc1.tar.xz-32_7a-drivers--firewire--firewire-ohci.ko-entry_point_true-unreach-call.cil.out.i.bpl.bpl.txt,ReachedBound,1254.77,1307
linux-4.0-rc1---drivers--staging--ozwpan--ozwpan.ko_false-unreach-call.cil.i.bpl.bpl.txt,TIMEDOUT,3600,0
linux-4.2-rc1.tar.xz-32_7a-drivers--net--ethernet--broadcom--bnx2.ko-entry_point_true-unreach-call.cil.out.i.bpl.bpl.txt,TIMEDOUT,3600,0
linux-4.2-rc1.tar.xz-43_2a-drivers--staging--gdm724x--gdmulte.ko-entry_point_true-unreach-call.cil.out.i.bpl.bpl.txt,ReachedBound,47.23,377
32_7a_cilled_true-unreach-call_linux-3.8-rc1-32_7a-fs--ecryptfs--ecryptfs.ko-ldv_main3_sequence_infinite_withcheck_stateful.cil.out.i.bpl.bpl.txt,TIMEDOUT,3600,0
linux-stable-4ee267b-1-130_7a-drivers--hwmon--ibmaem.ko-entry_point_ldv-val-v0.8_false-unreach-call.cil.out.i.bpl.bpl.txt,NOK,40.33,307
linux-4.2-rc1.tar.xz-32_7a-drivers--target--iscsi--iscsi_target_mod.ko-entry_point_true-unreach-call.cil.out.i.bpl.bpl.txt,TIMEDOUT,3600,0
linux-4.0-rc1---drivers--net--can--janz-ican3.ko_false-unreach-call.cil.i.bpl.bpl.txt,NOK,404.98,1659
linux-4.2-rc1.tar.xz-08_1a-drivers--iio--accel--kxcjk-1013.ko-entry_point_false-unreach-call.cil.out.i.bpl.bpl.txt,NOK,49.37,343
linux-4.2-rc1.tar.xz-43_2a-drivers--tty--synclinkmp.ko-entry_point_true-unreach-call.cil.out.i.bpl.bpl.txt,ReachedBound,530.13,617
linux-4.0-rc1---drivers--usb--misc--yurex.ko_false-unreach-call.cil.i.bpl.bpl.txt,NOK,20.12,154
linux-4.2-rc1.tar.xz-43_2a-drivers--scsi--device_handler--scsi_dh_rdac.ko-entry_point_true-unreach-call.cil.out.i.bpl.bpl.txt,ReachedBound,39.37,231
linux-4.2-rc1.tar.xz-32_7a-drivers--media--pci--saa7164--saa7164.ko-entry_point_true-unreach-call.cil.out.i.bpl.bpl.txt,TIMEDOUT,3600,0
205_9a_array_unsafes_linux-3.16-rc1.tar.xz-205_9a-drivers--net--ethernet--intel--ixgb--ixgb.ko-entry_point_true-unreach-call.cil.out.i.bpl.bpl.txt,TIMEDOUT,3600,0
linux-4.2-rc1.tar.xz-43_2a-drivers--net--ethernet--packetengines--hamachi.ko-entry_point_true-unreach-call.cil.out.i.bpl.bpl.txt,ReachedBound,74.89,400
32_7a_cilled_false-unreach-call_linux-3.8-rc1-32_7a-drivers--ata--libata.ko-ldv_main4_sequence_infinite_withcheck_stateful.cil.out.i.bpl.bpl.txt,TIMEDOUT,3600,0
linux-3.8-rc1-32_7a-drivers--usb--core--usbcore.ko-ldv_main13_true-unreach-call.cil.out.i.bpl.bpl.txt,TIMEDOUT,3600,0
32_1_cilled_true-unreach-call_ok_nondet_linux-3.4-32_1-drivers--media--dvb--dvb-usb--dvb-usb-digitv.ko-ldv_main0_sequence_infinite_withcheck_stateful.cil.out.i.bpl.bpl.txt,ReachedBound,1058.42,723
205_9a_array_unsafes_linux-3.16-rc1.tar.xz-205_9a-drivers--net--ethernet--intel--igbvf--igbvf.ko-entry_point_true-unreach-call.cil.out.i.bpl.bpl.txt,TIMEDOUT,3600,0
linux-4.0-rc1---drivers--iio--accel--kxcjk-1013.ko_false-unreach-call.cil.i.bpl.bpl.txt,TIMEDOUT,3600,0
linux-4.0-rc1---sound--drivers--vx--snd-vx-lib.ko_true-unreach-call.cil.i.bpl.bpl.txt,TIMEDOUT,3600,0
linux-3.8-rc1-32_7a-drivers--scsi--st.ko-ldv_main0_true-unreach-call.cil.out.i.bpl.bpl.txt,ReachedBound,97.73,575
43_1a_cilled_true-unreach-call_ok_nondet_linux-43_1a-drivers--scsi--pcmcia--sym53c500_cs.ko-ldv_main0_sequence_infinite_withcheck_stateful.cil.out.i.bpl.bpl.txt,ReachedBound,8.3,120
linux-4.2-rc1.tar.xz-32_7a-drivers--target--target_core_mod.ko-entry_point_true-unreach-call.cil.out.i.bpl.bpl.txt,TIMEDOUT,3600,0
43_2a_bitvector_linux-3.16-rc1.tar.xz-43_2a-drivers--net--ethernet--stmicro--stmmac--stmmac.ko-entry_point_false-unreach-call.cil.out.i.bpl.bpl.txt,TIMEDOUT,3600,0
linux-4.2-rc1.tar.xz-43_2a-drivers--net--wireless--mwl8k.ko-entry_point_true-unreach-call.cil.out.i.bpl.bpl.txt,TIMEDOUT,3600,0
linux-4.2-rc1.tar.xz-32_7a-drivers--scsi--st.ko-entry_point_true-unreach-call.cil.out.i.bpl.bpl.txt,ReachedBound,184.13,851
32_7a_cilled_true-unreach-call_linux-3.8-rc1-32_7a-drivers--block--paride--pg.ko-ldv_main0_sequence_infinite_withcheck_stateful.cil.out.i.bpl.bpl.txt,ReachedBound,647.78,25261
linux-3.12-rc1.tar.xz-144_2a-drivers--net--usb--cdc_mbim.ko-entry_point_true-unreach-call.cil.out.i.bpl.bpl.txt,ReachedBound,59.86,321
linux-4.2-rc1.tar.xz-08_1a-drivers--scsi--aic7xxx--aic79xx.ko-entry_point_true-unreach-call.cil.out.i.bpl.bpl.txt,OK,6.87,71
linux-4.2-rc1.tar.xz-43_2a-drivers--net--wireless--ipw2x00--ipw2200.ko-entry_point_true-unreach-call.cil.out.i.bpl.bpl.txt,TIMEDOUT,3600,0
205_9a_array_safes_linux-3.16-rc1.tar.xz-205_9a-drivers--net--arcnet--capmode.ko-entry_point_true-unreach-call.cil.out.i.bpl.bpl.txt,ReachedBound,5.92,142
main0_true-unreach-call_drivers-media-video-tlg2300-poseidon-ko--32_7a--4a349aa.i.bpl.bpl.txt,TIMEDOUT,3600,0
linux-4.2-rc1.tar.xz-32_7a-drivers--net--wireless--ath--ath9k--ath9k.ko-entry_point_true-unreach-call.cil.out.i.bpl.bpl.txt,TIMEDOUT,3600,0
linux-4.2-rc1.tar.xz-32_7a-drivers--media--usb--dvb-usb-v2--dvb-usb-mxl111sf.ko-entry_point_true-unreach-call.cil.out.i.bpl.bpl.txt,ReachedBound,100.72,494
linux-4.2-rc1.tar.xz-43_2a-drivers--net--ethernet--atheros--atlx--atl1.ko-entry_point_true-unreach-call.cil.out.i.bpl.bpl.txt,TIMEDOUT,3600,0
linux-4.2-rc1.tar.xz-43_2a-drivers--bluetooth--hci_uart.ko-entry_point_true-unreach-call.cil.out.i.bpl.bpl.txt,ReachedBound,380.84,1197
linux-4.2-rc1.tar.xz-32_7a-drivers--md--dm-raid.ko-entry_point_false-unreach-call.cil.out.i.bpl.bpl.txt,ReachedBound,4.98,138
43_1a_cilled_true-unreach-call_ok_nondet_linux-43_1a-drivers--media--dvb--dvb-usb--dvb-usb-az6007.ko-ldv_main0_sequence_infinite_withcheck_stateful.cil.out.i.bpl.bpl.txt,ReachedBound,165.02,384
m0_true-unreach-call_sound-oss-opl3-ko--111_1a--42f9f8d.i.bpl.bpl.txt,OK,2808.59,52
linux-4.2-rc1.tar.xz-32_7a-drivers--gpu--drm--amd--amdkfd--amdkfd.ko-entry_point_true-unreach-call.cil.out.i.bpl.bpl.txt,TIMEDOUT,3600,0
linux-4.2-rc1.tar.xz-32_7a-drivers--media--usb--pvrusb2--pvrusb2.ko-entry_point_true-unreach-call.cil.out.i.bpl.bpl.txt,Inconclusive,3600,0
32_7a_cilled_true-unreach-call_linux-3.8-rc1-drivers--misc--phantom.ko-main.cil.out.i.bpl.bpl.txt,ReachedBound,16.18,158
43_2a_consumption_linux-3.16-rc1.tar.xz-43_2a-drivers--net--ethernet--cisco--enic--enic.ko-entry_point_true-unreach-call.cil.out.i.bpl.bpl.txt,ReachedBound,353.65,285
linux-4.0-rc1---drivers--usb--misc--iowarrior.ko_false-unreach-call.cil.i.bpl.bpl.txt,NOK,630.74,673
linux-4.2-rc1.tar.xz-32_7a-drivers--media--v4l2-core--videodev.ko-entry_point_false-unreach-call.cil.out.i.bpl.bpl.txt,TIMEDOUT,3600,0
