Name,OutCome,RunTime,TotalProceduresInlined
sys_zwregistrycreate_0.bpl.bpl.txt,OK,2511.61,478
kbdclass_nsremovelockquerymnremove_1.bpl.bpl.txt,TIMEDOUT,3600,0
kbdclass_powerdownallocate_1.bpl.bpl.txt,ReachedBound,625.41,1209
serial_markingqueuedirps_2.bpl.bpl.txt,ReachedBound,672.15,5970
mp_iobuildfsdirpsignaleventincompletiontimeout_0.bpl.bpl.txt,ReachedBound,1495.88,3809
serial_zwregistryopen_1.bpl.bpl.txt,ReachedBound,1853.06,2262
kbdclass_forwardedatbadirql_1.bpl.bpl.txt,ReachedBound,835.61,7169
serial_markingqueuedirps_1.bpl.bpl.txt,ReachedBound,768.53,6037
ppa3x_nsremovelockquerymnremove_0.bpl.bpl.txt,TIMEDOUT,3600,0
61883_irqlexallocatepool_0.bpl.bpl.txt,ReachedBound,2226.27,5896
flpydisk_irqlexapclte1_1.bpl.bpl.txt,TIMEDOUT,3600,0
filter_ioallocateirpsignaleventincompletion_0.bpl.bpl.txt,TIMEDOUT,3600,0
mp_irqlexpassive_0.bpl.bpl.txt,TIMEDOUT,3600,0
1394diag_ioallocatecomplete_0.bpl.bpl.txt,TIMEDOUT,3600,0
serial_markingqueuedirps_0.bpl.bpl.txt,ReachedBound,714.52,6032
kbdclass_forwardedatbadirql_0.bpl.bpl.txt,ReachedBound,553.34,4427
hw_pagedcode_0.bpl.bpl.txt,TIMEDOUT,3600,0
serial_zwregistryopen_2.bpl.bpl.txt,TIMEDOUT,3600,0
sbp2port_irqldispatch_1.bpl.bpl.txt,TIMEDOUT,3600,0
filter_iobuilddevicecontrolnofree_0.bpl.bpl.txt,ReachedBound,1756.65,2019
