Name,OutCome,RunTime,TotalProceduresInlined
sys_zwregistrycreate_0.bpl.bpl.txt,TIMEDOUT,3600,0
kbdclass_nsremovelockquerymnremove_1.bpl.bpl.txt,TIMEDOUT,3600,0
kbdclass_powerdownallocate_1.bpl.bpl.txt,ReachedBound,633.25,1209
serial_markingqueuedirps_2.bpl.bpl.txt,ReachedBound,799.16,6596
mp_iobuildfsdirpsignaleventincompletiontimeout_0.bpl.bpl.txt,ReachedBound,1453.72,3986
serial_zwregistryopen_1.bpl.bpl.txt,TIMEDOUT,3600,0
kbdclass_forwardedatbadirql_1.bpl.bpl.txt,ReachedBound,281.72,6488
serial_markingqueuedirps_1.bpl.bpl.txt,ReachedBound,869.34,6808
ppa3x_nsremovelockquerymnremove_0.bpl.bpl.txt,TIMEDOUT,3600,0
61883_irqlexallocatepool_0.bpl.bpl.txt,ReachedBound,1997.52,5653
flpydisk_irqlexapclte1_1.bpl.bpl.txt,TIMEDOUT,3600,0
filter_ioallocateirpsignaleventincompletion_0.bpl.bpl.txt,ReachedBound,2162.02,14124
mp_irqlexpassive_0.bpl.bpl.txt,TIMEDOUT,3600,0
1394diag_ioallocatecomplete_0.bpl.bpl.txt,TIMEDOUT,3600,0
serial_markingqueuedirps_0.bpl.bpl.txt,ReachedBound,927.24,6836
kbdclass_forwardedatbadirql_0.bpl.bpl.txt,ReachedBound,342.53,4271
hw_pagedcode_0.bpl.bpl.txt,TIMEDOUT,3600,0
serial_zwregistryopen_2.bpl.bpl.txt,TIMEDOUT,3600,0
sbp2port_irqldispatch_1.bpl.bpl.txt,TIMEDOUT,3600,0
filter_iobuilddevicecontrolnofree_0.bpl.bpl.txt,ReachedBound,2345.91,1980
