Name,OutCome,RunTime,TotalProceduresInlined
sys_zwregistrycreate_0.bpl.bpl.txt,TIMEDOUT,3600,0
kbdclass_nsremovelockquerymnremove_1.bpl.bpl.txt,TIMEDOUT,3600,0
kbdclass_powerdownallocate_1.bpl.bpl.txt,ReachedBound,871.07,1466
serial_markingqueuedirps_2.bpl.bpl.txt,ReachedBound,820.26,7130
mp_iobuildfsdirpsignaleventincompletiontimeout_0.bpl.bpl.txt,ReachedBound,899.09,3465
serial_zwregistryopen_1.bpl.bpl.txt,TIMEDOUT,3600,0
kbdclass_forwardedatbadirql_1.bpl.bpl.txt,ReachedBound,521.91,9543
serial_markingqueuedirps_1.bpl.bpl.txt,ReachedBound,808.57,7134
ppa3x_nsremovelockquerymnremove_0.bpl.bpl.txt,TIMEDOUT,3600,0
61883_irqlexallocatepool_0.bpl.bpl.txt,ReachedBound,1839.23,5354
flpydisk_irqlexapclte1_1.bpl.bpl.txt,TIMEDOUT,3600,0
filter_ioallocateirpsignaleventincompletion_0.bpl.bpl.txt,TIMEDOUT,3600,0
mp_irqlexpassive_0.bpl.bpl.txt,TIMEDOUT,3600,0
1394diag_ioallocatecomplete_0.bpl.bpl.txt,TIMEDOUT,3600,0
serial_markingqueuedirps_0.bpl.bpl.txt,ReachedBound,796.94,7155
kbdclass_forwardedatbadirql_0.bpl.bpl.txt,ReachedBound,138.06,4841
hw_pagedcode_0.bpl.bpl.txt,TIMEDOUT,3600,0
serial_zwregistryopen_2.bpl.bpl.txt,TIMEDOUT,3600,0
sbp2port_irqldispatch_1.bpl.bpl.txt,TIMEDOUT,3600,0
filter_iobuilddevicecontrolnofree_0.bpl.bpl.txt,TIMEDOUT,3600,0
