Name,OutCome,RunTime,ProcesuresInlined
mouser_removelockforward2_0.bpl.bpl.txt,NOK,59.57,2025
sys_irqlzwpassive_3.bpl.bpl.txt,ReachedBound,1903.03,4190
driver_irqlapclte_0.bpl.bpl.txt,OK,4.01,366
mouser_ioallocateirpsignaleventincompletiontimeout_0.bpl.bpl.txt,ReachedBound,1315.41,5891
hw_irqlkereleasespinlock_0.bpl.bpl.txt,TIMEDOUT,1000,0
driver_irqlzwpassive_1.bpl.bpl.txt,OK,12.07,690
avc_lowerdriverreturn_0.bpl.bpl.txt,NOK,798.7,10415
serial_markingqueuedirps_2.bpl.bpl.txt,ReachedBound,418.59,7130
sbp2port_forwardedatbadirqlallocate_0.bpl.bpl.txt,NOK,838.64,28913
daytona_completerequeststatuscheck_0.bpl.bpl.txt,OK,238.51,4312
mp_irqlkedispatchlte_0.bpl.bpl.txt,ReachedBound,1932.34,5041
cyzport_irqlkedispatchlte_0.bpl.bpl.txt,NOK,213.1,6741
hw_irqlreturn_0.bpl.bpl.txt,ReachedBound,2769.65,6744
driver_irqliopassive4_0.bpl.bpl.txt,OK,4.04,375
sbp2port_lowerdriverreturn_1.bpl.bpl.txt,NOK,15.93,1188
kbdclass_completerequest_1.bpl.bpl.txt,TIMEDOUT,1000,0
serial_irqlexallocatepool_0.bpl.bpl.txt,TIMEDOUT,1000,0
61883_removelockrelease2_1.bpl.bpl.txt,TIMEDOUT,1000,0
sbp2port_markirppending_0.bpl.bpl.txt,NOK,469.73,16031
kbdclass_ioallocateirpsignaleventincompletiontimeout_1.bpl.bpl.txt,NOK,23.45,3491
sbp2port_irqlkesetevent_0.bpl.bpl.txt,TIMEDOUT,1000,0
avc_pagedcode_1.bpl.bpl.txt,ReachedBound,630.48,2976
61883_removelockrelease2_0.bpl.bpl.txt,TIMEDOUT,1000,0
parzip_nsremovelockmnsurpriseremove_0.bpl.bpl.txt,ReachedBound,1680.04,3730
serenum_completerequest_0.bpl.bpl.txt,ReachedBound,2082.66,2831
mxport_irqlkedispatchlte_0.bpl.bpl.txt,TIMEDOUT,1000,0
cyzport_irqldispatch_0.bpl.bpl.txt,NOK,19.21,1161
mouser_removelockmnsurpriseremove_1.bpl.bpl.txt,TIMEDOUT,1000,0
driver_targetrelationneedsref_0.bpl.bpl.txt,ReachedBound,1657.61,3327
modem_pendedcompletedrequest2_0.bpl.bpl.txt,TIMEDOUT,1000,0
mouser_removelockforward2_1.bpl.bpl.txt,NOK,307.25,7814
61883_completerequeststatuscheck_0.bpl.bpl.txt,NOK,186.66,5970
sbp2port_markirppending_1.bpl.bpl.txt,NOK,168.45,15677
61883_ioallocateforward_1.bpl.bpl.txt,TIMEDOUT,1000,0
ppa3x_completerequest_0.bpl.bpl.txt,TIMEDOUT,1000,0
avc_ioallocateirpsignaleventincompletion_1.bpl.bpl.txt,NOK,199.99,15248
61883_irqlkedispatchlte_1.bpl.bpl.txt,TIMEDOUT,1000,0
61883_irqlkedispatchlte_0.bpl.bpl.txt,TIMEDOUT,1000,0
kbdclass_removelockforward2_1.bpl.bpl.txt,NOK,812.3,14890
avc_completerequeststatuscheck_0.bpl.bpl.txt,NOK,235.34,9483
serial_irqlexallocatepool_1.bpl.bpl.txt,TIMEDOUT,1000,0
mouser_iobuilddeviceiocontrolsetevent_1.bpl.bpl.txt,NOK,8.43,1491
sbp2port_markdevicepower_1.bpl.bpl.txt,TIMEDOUT,1000,0
kbdclass_ioallocatefree_1.bpl.bpl.txt,NOK,89.25,10885
61883_ioallocateirpsignaleventincompletion_1.bpl.bpl.txt,NOK,152.24,11776
mouser_removelockreleasepnp_0.bpl.bpl.txt,TIMEDOUT,1000,0
mouser_multremovelock_0.bpl.bpl.txt,NOK,3.72,586
mouclass_multremovelock_1.bpl.bpl.txt,NOK,48.93,1674
mouser_removelock_1.bpl.bpl.txt,TIMEDOUT,1000,0
usbccgp_irqlkedispatchlte_0.bpl.bpl.txt,TIMEDOUT,1000,0
kbdclass_forwardedatbadirqlallocate_1.bpl.bpl.txt,NOK,191.83,9405
serial_pendedcompletedrequest3_0.bpl.bpl.txt,ReachedBound,1367.95,6490
serial_pagedcode_0.bpl.bpl.txt,TIMEDOUT,1000,0
mouser_multremovelock_1.bpl.bpl.txt,NOK,3.81,600
sbp2port_irqlkeraiselower_0.bpl.bpl.txt,TIMEDOUT,1000,0
hw_forwardedatbadirql_0.bpl.bpl.txt,ReachedBound,2142.68,5584
usbccgp_markirppending_0.bpl.bpl.txt,NOK,426.62,54532
avc_irqlkereleasespinlock_1.bpl.bpl.txt,Inconclusive,1000,0
cyyport_pagedcode_0.bpl.bpl.txt,TIMEDOUT,1000,0
sys_iobuilddeviceiocontrolsetevent_0.bpl.bpl.txt,ReachedBound,68.45,2020
modem_completerequest_0.bpl.bpl.txt,TIMEDOUT,1000,0
61883_multremovelock_1.bpl.bpl.txt,ReachedBound,405.3,7215
sbp2port_irqlkeraiselower2_1.bpl.bpl.txt,TIMEDOUT,1000,0
hw_completerequest_0.bpl.bpl.txt,NOK,10.82,1628
parzip_removelockreleasepnp_0.bpl.bpl.txt,TIMEDOUT,1000,0
cyzport_irqlkesetevent_0.bpl.bpl.txt,NOK,158.11,7244
avc_completerequest_0.bpl.bpl.txt,TIMEDOUT,1000,0
driver_irqlpspassive_0.bpl.bpl.txt,OK,3.77,366
hw_irpcancelfield_0.bpl.bpl.txt,ReachedBound,1292.45,11923
61883_forwardedatbadirqlallocate_0.bpl.bpl.txt,ReachedBound,107.08,3903
usbprint_ioallocateirpsignaleventincompletion_0.bpl.bpl.txt,OK,136.95,4103
sbp2port_completerequest_0.bpl.bpl.txt,NOK,28.18,2480
ppa3x_ioallocateirpsignaleventincompletion_0.bpl.bpl.txt,ReachedBound,57.74,2333
61883_irqlexallocatepool_0.bpl.bpl.txt,ReachedBound,1037.01,5354
mp_irqlreturn_0.bpl.bpl.txt,ReachedBound,402.33,4026
61883_removelockreleasedevicecontrol_0.bpl.bpl.txt,NOK,23.07,2604
winnt_completerequeststatuscheck_0.bpl.bpl.txt,NOK,38.37,2356
sbp2port_pendedcompletedrequest_0.bpl.bpl.txt,NOK,1522.54,1987
sbp2port_irqlexallocatepool_0.bpl.bpl.txt,TIMEDOUT,1000,0
kbdclass_removelockmnsurpriseremove_0.bpl.bpl.txt,ReachedBound,3278.88,16642
mouser_iobuilddeviceiocontrolsetevent_0.bpl.bpl.txt,NOK,54.61,4686
sys_markirppending_6.bpl.bpl.txt,NOK,21.47,2472
kbdclass_nsremovelockmnremove_0.bpl.bpl.txt,Inconclusive,1000,0
usbccgp_completerequeststatuscheck_0.bpl.bpl.txt,NOK,273.68,19494
ppa3x_nsremovelockmnremove_0.bpl.bpl.txt,TIMEDOUT,1000,0
serenum_markirppending_1.bpl.bpl.txt,TIMEDOUT,1000,0
61883_ioreuseirp_0.bpl.bpl.txt,NOK,115.05,11713
sys_removelockmnsurpriseremove_0.bpl.bpl.txt,NOK,211.83,11867
61883_markqueryrelations_0.bpl.bpl.txt,ReachedBound,1050.24,7064
sbp2port_irqlkesetevent_1.bpl.bpl.txt,TIMEDOUT,1000,0
usbccgp_removelockreleasepower_0.bpl.bpl.txt,NOK,11.97,2024
61883_ioreleaseremovelockandwaitoutsideremovedevice_0.bpl.bpl.txt,NOK,72.59,8844
61883_removelockreleasepnp_1.bpl.bpl.txt,TIMEDOUT,1000,0
kbdclass_ioallocateirpsignaleventincompletion_0.bpl.bpl.txt,ReachedBound,59.62,4909
daytona_removelockrelease2_0.bpl.bpl.txt,NOK,82.91,2164
crcfilter_irqlkedispatchlte_0.bpl.bpl.txt,TIMEDOUT,1000,0
61883_ioallocatefree_1.bpl.bpl.txt,TIMEDOUT,1000,0
avc_markirppending_1.bpl.bpl.txt,TIMEDOUT,1000,0
partmgr_nsremovelockmnremove_0.bpl.bpl.txt,TIMEDOUT,1000,0
61883_ioallocatecomplete_0.bpl.bpl.txt,NOK,3122.68,52026
serenum_completerequest_2.bpl.bpl.txt,ReachedBound,2384.56,2801
filter_ioallocateirpsignaleventincompletion_0.bpl.bpl.txt,ReachedBound,2663.54,16033
61883_pendedcompletedrequest_0.bpl.bpl.txt,NOK,101.06,9742
kbdclass_nsremovelockmnsurpriseremove_0.bpl.bpl.txt,TIMEDOUT,1000,0
avc_lowerdriverreturn_1.bpl.bpl.txt,NOK,799.66,9902
kbdclass_nsremovelockmnsurpriseremove_1.bpl.bpl.txt,TIMEDOUT,1000,0
partmgr_nsremovelockquerymnremove_0.bpl.bpl.txt,TIMEDOUT,1000,0
61883_markqueryrelations_1.bpl.bpl.txt,NOK,4.93,541
sbp2port_signaleventincompletion_0.bpl.bpl.txt,NOK,105.41,2071
mouser_removelockrelease2_0.bpl.bpl.txt,NOK,1171.59,6258
mp_irqlexpassive_0.bpl.bpl.txt,TIMEDOUT,1000,0
61883_markirppending_0.bpl.bpl.txt,TIMEDOUT,1000,0
1394diag_ioallocatecomplete_0.bpl.bpl.txt,TIMEDOUT,1000,0
sbp2port_irqlkedispatchlte_0.bpl.bpl.txt,TIMEDOUT,1000,0
mouclass_removelockmnsurpriseremove_0.bpl.bpl.txt,OK,483.75,1590
driver_zwregistryopen_1.bpl.bpl.txt,TIMEDOUT,1000,0
Imapi_removelockrelease2_0.bpl.bpl.txt,OK,234.97,3099
mouser_forwardedatbadirqlallocate_0.bpl.bpl.txt,NOK,1585.71,6117
daytona_completerequeststatuscheck_1.bpl.bpl.txt,OK,240.5,4214
61883_removelock_0.bpl.bpl.txt,TIMEDOUT,1000,0
1394diag_completerequest_0.bpl.bpl.txt,NOK,131.49,9024
avc_ioallocatecomplete_0.bpl.bpl.txt,NOK,13.15,1036
avc_forwardedatbadirql_0.bpl.bpl.txt,TIMEDOUT,1000,0
mp_removecheck_0.bpl.bpl.txt,ReachedBound,25.32,751
sbp2port_pendedcompletedrequest2_1.bpl.bpl.txt,NOK,49.14,5419
driver_irqlexallocatepool_3.bpl.bpl.txt,ReachedBound,34.47,1422
serial_irqlzwpassive_1.bpl.bpl.txt,TIMEDOUT,1000,0
mouser_iobuilddevicecontrolwait_1.bpl.bpl.txt,ReachedBound,802.71,4340
sbp2port_ioallocateirpsignaleventincompletion_0.bpl.bpl.txt,TIMEDOUT,1000,0
kerneldriver_irqlkedispatchlte_0.bpl.bpl.txt,TIMEDOUT,1000,0
usbccgp_completerequest_0.bpl.bpl.txt,NOK,350.09,39320
sbp2port_irqliopassive4_1.bpl.bpl.txt,ReachedBound,256.06,2068
sbp2port_irqlioapclte_1.bpl.bpl.txt,ReachedBound,259.32,1937
parport_markstartdevice_0.bpl.bpl.txt,NOK,7.21,538
sys_completerequest_6.bpl.bpl.txt,NOK,73.41,5751
serial_pagedcode_2.bpl.bpl.txt,TIMEDOUT,1000,0
mouser_ioallocateirpsignaleventincompletion_1.bpl.bpl.txt,ReachedBound,553.72,6322
kbdclass_ioallocateirpsignaleventincompletion_1.bpl.bpl.txt,NOK,61.0,5904
avc_completerequeststatuscheck_1.bpl.bpl.txt,NOK,340.19,10323
serial_zwregistryopen_2.bpl.bpl.txt,TIMEDOUT,1000,0
usbccgp_pendedcompletedrequest3_0.bpl.bpl.txt,NOK,3.81,577
usbccgp_removelockreleaseinternaldevicecontrol_0.bpl.bpl.txt,NOK,6.69,738
sbp2port_doublecompletion_1.bpl.bpl.txt,Inconclusive,1000,0
driver_zwregistrycreate_0.bpl.bpl.txt,TIMEDOUT,1000,0
modem_pendedcompletedrequest_0.bpl.bpl.txt,NOK,497.41,56206
mouclass_powerdownallocate_1.bpl.bpl.txt,ReachedBound,1188.72,1986
hw_markstartdevice_0.bpl.bpl.txt,NOK,3099.83,9482
daytona_removelockreleasepnp_0.bpl.bpl.txt,NOK,122.34,2217
61883_irqlkereleasespinlock_1.bpl.bpl.txt,TIMEDOUT,1000,0
sbp2port_completerequest_1.bpl.bpl.txt,TIMEDOUT,1000,0
mouser_completerequest_0.bpl.bpl.txt,NOK,529.03,4631
61883_pendedcompletedrequest_1.bpl.bpl.txt,NOK,94.9,8795
