Name,OutCome,RunTime,TotalProceduresInlined
sys_zwregistrycreate_0.bpl.bpl.txt,TIMEDOUT,3600,0
kbdclass_nsremovelockquerymnremove_1.bpl.bpl.txt,TIMEDOUT,3600,0
kbdclass_powerdownallocate_1.bpl.bpl.txt,ReachedBound,225.44,1155
serial_markingqueuedirps_2.bpl.bpl.txt,ReachedBound,962.0,7024
mp_iobuildfsdirpsignaleventincompletiontimeout_0.bpl.bpl.txt,ReachedBound,1276.85,4027
serial_zwregistryopen_1.bpl.bpl.txt,ReachedBound,2933.13,3685
kbdclass_forwardedatbadirql_1.bpl.bpl.txt,ReachedBound,473.84,8329
serial_markingqueuedirps_1.bpl.bpl.txt,ReachedBound,977.36,7032
ppa3x_nsremovelockquerymnremove_0.bpl.bpl.txt,TIMEDOUT,3600,0
61883_irqlexallocatepool_0.bpl.bpl.txt,ReachedBound,2178.26,5730
flpydisk_irqlexapclte1_1.bpl.bpl.txt,TIMEDOUT,3600,0
filter_ioallocateirpsignaleventincompletion_0.bpl.bpl.txt,ReachedBound,3156.44,16257
mp_irqlexpassive_0.bpl.bpl.txt,TIMEDOUT,3600,0
1394diag_ioallocatecomplete_0.bpl.bpl.txt,TIMEDOUT,3600,0
serial_markingqueuedirps_0.bpl.bpl.txt,ReachedBound,905.59,7011
kbdclass_forwardedatbadirql_0.bpl.bpl.txt,ReachedBound,206.83,3799
hw_pagedcode_0.bpl.bpl.txt,TIMEDOUT,3600,0
serial_zwregistryopen_2.bpl.bpl.txt,TIMEDOUT,3600,0
sbp2port_irqldispatch_1.bpl.bpl.txt,TIMEDOUT,3600,0
filter_iobuilddevicecontrolnofree_0.bpl.bpl.txt,ReachedBound,2859.76,2100
